option,year,pov_bin,earningsChange,incomeChange
2025_10_0_1,2020,All,0.125,0.077
2025_10_0_1,2021,All,0.25,0.07
2025_10_0_1,2022,All,0.41,0.028
2025_10_0_1,2023,All,0.646,-0.01
2025_10_0_1,2024,All,0.944,-0.043
2025_10_0_1,2025,All,1.291,-0.046
2025_10_0_1,2026,All,0.937,-0.013
2025_10_0_1,2027,All,0.683,0.004
2025_10_0_1,2028,All,0.49,0.014
2025_10_0_1,2029,All,0.34,0.02
2025_10_0_2,2020,All,0.123,0.075
2025_10_0_2,2021,All,0.245,0.065
2025_10_0_2,2022,All,0.401,0.018
2025_10_0_2,2023,All,0.63,-0.026
2025_10_0_2,2024,All,0.922,-0.065
2025_10_0_2,2025,All,1.263,-0.076
2025_10_0_2,2026,All,1.268,-0.049
2025_10_0_2,2027,All,1.27,-0.026
2025_10_0_2,2028,All,1.278,-0.005
2025_10_0_2,2029,All,1.292,0.021
2025_10_0_3,2020,All,0.123,0.074
2025_10_0_3,2021,All,0.243,0.063
2025_10_0_3,2022,All,0.397,0.014
2025_10_0_3,2023,All,0.625,-0.031
2025_10_0_3,2024,All,0.916,-0.072
2025_10_0_3,2025,All,1.254,-0.085
2025_10_0_3,2026,All,1.351,-0.071
2025_10_0_3,2027,All,1.45,-0.052
2025_10_0_3,2028,All,1.556,-0.032
2025_10_0_3,2029,All,1.668,-0.005
2025_10_1_1,2020,All,0.126,0.049
2025_10_1_1,2021,All,0.237,-0.013
2025_10_1_1,2022,All,0.366,-0.13
2025_10_1_1,2023,All,0.57,-0.241
2025_10_1_1,2024,All,0.853,-0.33
2025_10_1_1,2025,All,1.19,-0.385
2025_10_1_1,2026,All,0.838,-0.338
2025_10_1_1,2027,All,0.588,-0.304
2025_10_1_1,2028,All,0.402,-0.275
2025_10_1_1,2029,All,0.258,-0.251
2025_10_1_2,2020,All,0.123,0.045
2025_10_1_2,2021,All,0.227,-0.024
2025_10_1_2,2022,All,0.347,-0.15
2025_10_1_2,2023,All,0.542,-0.273
2025_10_1_2,2024,All,0.816,-0.371
2025_10_1_2,2025,All,1.142,-0.436
2025_10_1_2,2026,All,1.145,-0.411
2025_10_1_2,2027,All,1.145,-0.39
2025_10_1_2,2028,All,1.154,-0.367
2025_10_1_2,2029,All,1.17,-0.339
2025_10_1_3,2020,All,0.122,0.043
2025_10_1_3,2021,All,0.224,-0.028
2025_10_1_3,2022,All,0.341,-0.157
2025_10_1_3,2023,All,0.533,-0.283
2025_10_1_3,2024,All,0.803,-0.384
2025_10_1_3,2025,All,1.127,-0.453
2025_10_1_3,2026,All,1.219,-0.445
2025_10_1_3,2027,All,1.316,-0.431
2025_10_1_3,2028,All,1.421,-0.414
2025_10_1_3,2029,All,1.534,-0.389
2025_10_2_1,2020,All,0.146,-0.019
2025_10_2_1,2021,All,0.26,-0.191
2025_10_2_1,2022,All,0.369,-0.46
2025_10_2_1,2023,All,0.566,-0.756
2025_10_2_1,2024,All,0.889,-0.984
2025_10_2_1,2025,All,1.296,-1.176
2025_10_2_1,2026,All,0.916,-1.112
2025_10_2_1,2027,All,0.646,-1.058
2025_10_2_1,2028,All,0.445,-1.003
2025_10_2_1,2029,All,0.284,-0.96
2025_10_2_2,2020,All,0.139,-0.027
2025_10_2_2,2021,All,0.243,-0.209
2025_10_2_2,2022,All,0.337,-0.495
2025_10_2_2,2023,All,0.516,-0.809
2025_10_2_2,2024,All,0.823,-1.053
2025_10_2_2,2025,All,1.213,-1.262
2025_10_2_2,2026,All,1.206,-1.242
2025_10_2_2,2027,All,1.195,-1.229
2025_10_2_2,2028,All,1.205,-1.204
2025_10_2_2,2029,All,1.222,-1.172
2025_10_2_3,2020,All,0.137,-0.029
2025_10_2_3,2021,All,0.237,-0.215
2025_10_2_3,2022,All,0.327,-0.506
2025_10_2_3,2023,All,0.5,-0.826
2025_10_2_3,2024,All,0.802,-1.075
2025_10_2_3,2025,All,1.186,-1.289
2025_10_2_3,2026,All,1.272,-1.294
2025_10_2_3,2027,All,1.367,-1.289
2025_10_2_3,2028,All,1.476,-1.277
2025_10_2_3,2029,All,1.594,-1.254
2025_11_0_1,2020,All,0.202,0.075
2025_11_0_1,2021,All,0.5,0.168
2025_11_0_1,2022,All,0.977,0.163
2025_11_0_1,2023,All,1.644,0.021
2025_11_0_1,2024,All,2.58,-0.218
2025_11_0_1,2025,All,4,-0.254
2025_11_0_1,2026,All,2.979,-0.189
2025_11_0_1,2027,All,2.257,-0.105
2025_11_0_1,2028,All,1.754,-0.024
2025_11_0_1,2029,All,1.348,0.033
2025_11_0_2,2020,All,0.2,0.073
2025_11_0_2,2021,All,0.493,0.16
2025_11_0_2,2022,All,0.961,0.146
2025_11_0_2,2023,All,1.611,-0.014
2025_11_0_2,2024,All,2.529,-0.272
2025_11_0_2,2025,All,3.925,-0.332
2025_11_0_2,2026,All,3.858,-0.294
2025_11_0_2,2027,All,3.81,-0.245
2025_11_0_2,2028,All,3.786,-0.191
2025_11_0_2,2029,All,3.779,-0.126
2025_11_0_3,2020,All,0.199,0.072
2025_11_0_3,2021,All,0.491,0.158
2025_11_0_3,2022,All,0.956,0.141
2025_11_0_3,2023,All,1.602,-0.023
2025_11_0_3,2024,All,2.515,-0.287
2025_11_0_3,2025,All,3.904,-0.353
2025_11_0_3,2026,All,4.093,-0.331
2025_11_0_3,2027,All,4.287,-0.293
2025_11_0_3,2028,All,4.5,-0.25
2025_11_0_3,2029,All,4.732,-0.189
2025_11_1_1,2020,All,0.204,0.039
2025_11_1_1,2021,All,0.484,0.065
2025_11_1_1,2022,All,0.92,-0.033
2025_11_1_1,2023,All,1.546,-0.267
2025_11_1_1,2024,All,2.46,-0.578
2025_11_1_1,2025,All,3.856,-0.688
2025_11_1_1,2026,All,2.84,-0.604
2025_11_1_1,2027,All,2.125,-0.5
2025_11_1_1,2028,All,1.633,-0.396
2025_11_1_1,2029,All,1.238,-0.314
2025_11_1_2,2020,All,0.199,0.035
2025_11_1_2,2021,All,0.471,0.051
2025_11_1_2,2022,All,0.894,-0.061
2025_11_1_2,2023,All,1.5,-0.317
2025_11_1_2,2024,All,2.392,-0.65
2025_11_1_2,2025,All,3.761,-0.787
2025_11_1_2,2026,All,3.689,-0.754
2025_11_1_2,2027,All,3.638,-0.707
2025_11_1_2,2028,All,3.617,-0.652
2025_11_1_2,2029,All,3.613,-0.582
2025_11_1_3,2020,All,0.198,0.033
2025_11_1_3,2021,All,0.468,0.047
2025_11_1_3,2022,All,0.887,-0.069
2025_11_1_3,2023,All,1.487,-0.33
2025_11_1_3,2024,All,2.374,-0.67
2025_11_1_3,2025,All,3.735,-0.814
2025_11_1_3,2026,All,3.915,-0.803
2025_11_1_3,2027,All,4.104,-0.773
2025_11_1_3,2028,All,4.315,-0.736
2025_11_1_3,2029,All,4.549,-0.675
2025_11_2_1,2020,All,0.228,-0.036
2025_11_2_1,2021,All,0.519,-0.132
2025_11_2_1,2022,All,0.941,-0.412
2025_11_2_1,2023,All,1.567,-0.846
2025_11_2_1,2024,All,2.533,-1.33
2025_11_2_1,2025,All,4.017,-1.638
2025_11_2_1,2026,All,2.973,-1.517
2025_11_2_1,2027,All,2.237,-1.375
2025_11_2_1,2028,All,1.735,-1.23
2025_11_2_1,2029,All,1.332,-1.111
2025_11_2_2,2020,All,0.22,-0.044
2025_11_2_2,2021,All,0.497,-0.155
2025_11_2_2,2022,All,0.898,-0.458
2025_11_2_2,2023,All,1.494,-0.922
2025_11_2_2,2024,All,2.429,-1.436
2025_11_2_2,2025,All,3.877,-1.781
2025_11_2_2,2026,All,3.788,-1.757
2025_11_2_2,2027,All,3.729,-1.713
2025_11_2_2,2028,All,3.708,-1.652
2025_11_2_2,2029,All,3.709,-1.573
2025_11_2_3,2020,All,0.218,-0.047
2025_11_2_3,2021,All,0.492,-0.161
2025_11_2_3,2022,All,0.886,-0.471
2025_11_2_3,2023,All,1.475,-0.943
2025_11_2_3,2024,All,2.401,-1.465
2025_11_2_3,2025,All,3.839,-1.82
2025_11_2_3,2026,All,4.003,-1.831
2025_11_2_3,2027,All,4.187,-1.814
2025_11_2_3,2028,All,4.399,-1.784
2025_11_2_3,2029,All,4.641,-1.724
2025_12_0_1,2020,All,0.308,0.081
2025_12_0_1,2021,All,0.954,0.183
2025_12_0_1,2022,All,2.004,0.063
2025_12_0_1,2023,All,3.722,-0.159
2025_12_0_1,2024,All,6.217,-0.483
2025_12_0_1,2025,All,9.301,-0.666
2025_12_0_1,2026,All,7.396,-0.504
2025_12_0_1,2027,All,5.864,-0.325
2025_12_0_1,2028,All,4.619,-0.185
2025_12_0_1,2029,All,3.581,-0.081
2025_12_0_2,2020,All,0.306,0.078
2025_12_0_2,2021,All,0.943,0.171
2025_12_0_2,2022,All,1.973,0.031
2025_12_0_2,2023,All,3.659,-0.224
2025_12_0_2,2024,All,6.114,-0.587
2025_12_0_2,2025,All,9.147,-0.82
2025_12_0_2,2026,All,8.943,-0.769
2025_12_0_2,2027,All,8.788,-0.685
2025_12_0_2,2028,All,8.694,-0.578
2025_12_0_2,2029,All,8.626,-0.461
2025_12_0_3,2020,All,0.305,0.077
2025_12_0_3,2021,All,0.941,0.168
2025_12_0_3,2022,All,1.965,0.022
2025_12_0_3,2023,All,3.643,-0.24
2025_12_0_3,2024,All,6.088,-0.614
2025_12_0_3,2025,All,9.107,-0.86
2025_12_0_3,2026,All,9.352,-0.846
2025_12_0_3,2027,All,9.621,-0.795
2025_12_0_3,2028,All,9.935,-0.729
2025_12_0_3,2029,All,10.299,-0.623
2025_12_1_1,2020,All,0.31,0.037
2025_12_1_1,2021,All,0.933,0.058
2025_12_1_1,2022,All,1.932,-0.172
2025_12_1_1,2023,All,3.598,-0.507
2025_12_1_1,2024,All,6.056,-0.924
2025_12_1_1,2025,All,9.097,-1.203
2025_12_1_1,2026,All,7.2,-1.022
2025_12_1_1,2027,All,5.681,-0.819
2025_12_1_1,2028,All,4.452,-0.651
2025_12_1_1,2029,All,3.431,-0.516
2025_12_1_2,2020,All,0.305,0.032
2025_12_1_2,2021,All,0.917,0.04
2025_12_1_2,2022,All,1.891,-0.215
2025_12_1_2,2023,All,3.521,-0.587
2025_12_1_2,2024,All,5.936,-1.048
2025_12_1_2,2025,All,8.923,-1.379
2025_12_1_2,2026,All,8.711,-1.336
2025_12_1_2,2027,All,8.553,-1.256
2025_12_1_2,2028,All,8.461,-1.148
2025_12_1_2,2029,All,8.399,-1.026
2025_12_1_3,2020,All,0.304,0.03
2025_12_1_3,2021,All,0.913,0.036
2025_12_1_3,2022,All,1.881,-0.226
2025_12_1_3,2023,All,3.502,-0.608
2025_12_1_3,2024,All,5.905,-1.08
2025_12_1_3,2025,All,8.877,-1.425
2025_12_1_3,2026,All,9.11,-1.426
2025_12_1_3,2027,All,9.372,-1.387
2025_12_1_3,2028,All,9.683,-1.326
2025_12_1_3,2029,All,10.049,-1.221
2025_12_2_1,2020,All,0.339,-0.046
2025_12_2_1,2021,All,0.977,-0.159
2025_12_2_1,2022,All,1.965,-0.604
2025_12_2_1,2023,All,3.622,-1.179
2025_12_2_1,2024,All,6.139,-1.816
2025_12_2_1,2025,All,9.271,-2.377
2025_12_2_1,2026,All,7.354,-2.143
2025_12_2_1,2027,All,5.822,-1.882
2025_12_2_1,2028,All,4.585,-1.656
2025_12_2_1,2029,All,3.561,-1.459
2025_12_2_2,2020,All,0.331,-0.055
2025_12_2_2,2021,All,0.951,-0.186
2025_12_2_2,2022,All,1.906,-0.666
2025_12_2_2,2023,All,3.518,-1.286
2025_12_2_2,2024,All,5.981,-1.976
2025_12_2_2,2025,All,9.046,-2.601
2025_12_2_2,2026,All,8.813,-2.57
2025_12_2_2,2027,All,8.645,-2.493
2025_12_2_2,2028,All,8.557,-2.376
2025_12_2_2,2029,All,8.503,-2.24
2025_12_2_3,2020,All,0.329,-0.057
2025_12_2_3,2021,All,0.945,-0.193
2025_12_2_3,2022,All,1.891,-0.682
2025_12_2_3,2023,All,3.491,-1.314
2025_12_2_3,2024,All,5.94,-2.017
2025_12_2_3,2025,All,8.987,-2.66
2025_12_2_3,2026,All,9.197,-2.69
2025_12_2_3,2027,All,9.449,-2.669
2025_12_2_3,2028,All,9.761,-2.618
2025_12_2_3,2029,All,10.139,-2.51
2025_13_0_1,2020,All,0.449,0.085
2025_13_0_1,2021,All,1.585,0.16
2025_13_0_1,2022,All,3.734,-0.026
2025_13_0_1,2023,All,7.211,-0.435
2025_13_0_1,2024,All,11.993,-0.876
2025_13_0_1,2025,All,17.575,-1.602
2025_13_0_1,2026,All,14.44,-1.113
2025_13_0_1,2027,All,11.822,-0.758
2025_13_0_1,2028,All,9.631,-0.523
2025_13_0_1,2029,All,7.831,-0.303
2025_13_0_2,2020,All,0.444,0.08
2025_13_0_2,2021,All,1.566,0.141
2025_13_0_2,2022,All,3.679,-0.084
2025_13_0_2,2023,All,7.092,-0.555
2025_13_0_2,2024,All,11.797,-1.07
2025_13_0_2,2025,All,17.267,-1.904
2025_13_0_2,2026,All,16.878,-1.8
2025_13_0_2,2027,All,16.573,-1.635
2025_13_0_2,2028,All,16.355,-1.438
2025_13_0_2,2029,All,16.208,-1.221
2025_13_0_3,2020,All,0.443,0.079
2025_13_0_3,2021,All,1.561,0.135
2025_13_0_3,2022,All,3.664,-0.099
2025_13_0_3,2023,All,7.061,-0.586
2025_13_0_3,2024,All,11.745,-1.12
2025_13_0_3,2025,All,17.186,-1.983
2025_13_0_3,2026,All,17.513,-1.994
2025_13_0_3,2027,All,17.877,-1.942
2025_13_0_3,2028,All,18.332,-1.84
2025_13_0_3,2029,All,18.835,-1.713
2025_13_1_1,2020,All,0.451,0.033
2025_13_1_1,2021,All,1.56,0.015
2025_13_1_1,2022,All,3.648,-0.302
2025_13_1_1,2023,All,7.053,-0.845
2025_13_1_1,2024,All,11.78,-1.402
2025_13_1_1,2025,All,17.3,-2.245
2025_13_1_1,2026,All,14.18,-1.732
2025_13_1_1,2027,All,11.577,-1.354
2025_13_1_1,2028,All,9.407,-1.087
2025_13_1_1,2029,All,7.631,-0.832
2025_13_1_2,2020,All,0.444,0.026
2025_13_1_2,2021,All,1.535,-0.011
2025_13_1_2,2022,All,3.581,-0.371
2025_13_1_2,2023,All,6.919,-0.982
2025_13_1_2,2024,All,11.564,-1.618
2025_13_1_2,2025,All,16.968,-2.574
2025_13_1_2,2026,All,16.569,-2.48
2025_13_1_2,2027,All,16.262,-2.321
2025_13_1_2,2028,All,16.048,-2.121
2025_13_1_2,2029,All,15.909,-1.897
2025_13_1_3,2020,All,0.443,0.024
2025_13_1_3,2021,All,1.528,-0.018
2025_13_1_3,2022,All,3.564,-0.39
2025_13_1_3,2023,All,6.884,-1.018
2025_13_1_3,2024,All,11.507,-1.675
2025_13_1_3,2025,All,16.881,-2.659
2025_13_1_3,2026,All,17.192,-2.69
2025_13_1_3,2027,All,17.546,-2.652
2025_13_1_3,2028,All,17.999,-2.558
2025_13_1_3,2029,All,18.503,-2.433
2025_13_2_1,2020,All,0.485,-0.055
2025_13_2_1,2021,All,1.619,-0.218
2025_13_2_1,2022,All,3.692,-0.788
2025_13_2_1,2023,All,7.078,-1.614
2025_13_2_1,2024,All,11.857,-2.469
2025_13_2_1,2025,All,17.467,-3.675
2025_13_2_1,2026,All,14.333,-3.088
2025_13_2_1,2027,All,11.716,-2.643
2025_13_2_1,2028,All,9.55,-2.3
2025_13_2_1,2029,All,7.785,-1.964
2025_13_2_2,2020,All,0.475,-0.067
2025_13_2_2,2021,All,1.584,-0.255
2025_13_2_2,2022,All,3.604,-0.879
2025_13_2_2,2023,All,6.911,-1.783
2025_13_2_2,2024,All,11.594,-2.73
2025_13_2_2,2025,All,17.073,-4.062
2025_13_2_2,2026,All,16.65,-3.981
2025_13_2_2,2027,All,16.333,-3.822
2025_13_2_2,2028,All,16.126,-3.611
2025_13_2_2,2029,All,16.001,-3.366
2025_13_2_3,2020,All,0.472,-0.07
2025_13_2_3,2021,All,1.575,-0.265
2025_13_2_3,2022,All,3.581,-0.902
2025_13_2_3,2023,All,6.867,-1.828
2025_13_2_3,2024,All,11.526,-2.798
2025_13_2_3,2025,All,16.97,-4.163
2025_13_2_3,2026,All,17.253,-4.228
2025_13_2_3,2027,All,17.593,-4.214
2025_13_2_3,2028,All,18.048,-4.13
2025_13_2_3,2029,All,18.562,-4.006
2025_14_0_1,2020,All,0.655,0.275
2025_14_0_1,2021,All,2.519,0.573
2025_14_0_1,2022,All,6.216,0.413
2025_14_0_1,2023,All,11.93,-0.474
2025_14_0_1,2024,All,19.448,-2.01
2025_14_0_1,2025,All,29.55,-3.337
2025_14_0_1,2026,All,24.444,-2.725
2025_14_0_1,2027,All,20.35,-2.086
2025_14_0_1,2028,All,17.057,-1.395
2025_14_0_1,2029,All,14.292,-0.787
2025_14_0_2,2020,All,0.65,0.27
2025_14_0_2,2021,All,2.493,0.546
2025_14_0_2,2022,All,6.137,0.333
2025_14_0_2,2023,All,11.765,-0.638
2025_14_0_2,2024,All,19.148,-2.303
2025_14_0_2,2025,All,29.071,-3.797
2025_14_0_2,2026,All,28.255,-3.767
2025_14_0_2,2027,All,27.609,-3.612
2025_14_0_2,2028,All,27.197,-3.322
2025_14_0_2,2029,All,26.907,-2.991
2025_14_0_3,2020,All,0.649,0.268
2025_14_0_3,2021,All,2.486,0.539
2025_14_0_3,2022,All,6.116,0.312
2025_14_0_3,2023,All,11.721,-0.681
2025_14_0_3,2024,All,19.069,-2.38
2025_14_0_3,2025,All,28.945,-3.919
2025_14_0_3,2026,All,29.234,-4.073
2025_14_0_3,2027,All,29.612,-4.101
2025_14_0_3,2028,All,30.189,-3.996
2025_14_0_3,2029,All,30.881,-3.829
2025_14_1_1,2020,All,0.657,0.215
2025_14_1_1,2021,All,2.488,0.406
2025_14_1_1,2022,All,6.109,0.095
2025_14_1_1,2023,All,11.733,-0.952
2025_14_1_1,2024,All,19.172,-2.629
2025_14_1_1,2025,All,29.175,-4.117
2025_14_1_1,2026,All,24.086,-3.479
2025_14_1_1,2027,All,20.016,-2.806
2025_14_1_1,2028,All,16.757,-2.073
2025_14_1_1,2029,All,14.028,-1.418
2025_14_1_2,2020,All,0.65,0.207
2025_14_1_2,2021,All,2.456,0.373
2025_14_1_2,2022,All,6.02,0.003
2025_14_1_2,2023,All,11.552,-1.133
2025_14_1_2,2024,All,18.851,-2.944
2025_14_1_2,2025,All,28.67,-4.604
2025_14_1_2,2026,All,27.84,-4.59
2025_14_1_2,2027,All,27.189,-4.441
2025_14_1_2,2028,All,26.783,-4.149
2025_14_1_2,2029,All,26.504,-3.809
2025_14_1_3,2020,All,0.648,0.205
2025_14_1_3,2021,All,2.448,0.364
2025_14_1_3,2022,All,5.996,-0.021
2025_14_1_3,2023,All,11.504,-1.181
2025_14_1_3,2024,All,18.767,-3.027
2025_14_1_3,2025,All,28.537,-4.732
2025_14_1_3,2026,All,28.804,-4.914
2025_14_1_3,2027,All,29.167,-4.961
2025_14_1_3,2028,All,29.74,-4.865
2025_14_1_3,2029,All,30.433,-4.7
2025_14_2_1,2020,All,0.696,0.118
2025_14_2_1,2021,All,2.558,0.142
2025_14_2_1,2022,All,6.158,-0.453
2025_14_2_1,2023,All,11.749,-1.834
2025_14_2_1,2024,All,19.207,-3.904
2025_14_2_1,2025,All,29.244,-5.88
2025_14_2_1,2026,All,24.152,-5.163
2025_14_2_1,2027,All,20.094,-4.397
2025_14_2_1,2028,All,16.864,-3.55
2025_14_2_1,2029,All,14.168,-2.781
2025_14_2_2,2020,All,0.685,0.106
2025_14_2_2,2021,All,2.516,0.098
2025_14_2_2,2022,All,6.048,-0.566
2025_14_2_2,2023,All,11.535,-2.047
2025_14_2_2,2024,All,18.839,-4.265
2025_14_2_2,2025,All,28.674,-6.428
2025_14_2_2,2026,All,27.807,-6.441
2025_14_2_2,2027,All,27.14,-6.302
2025_14_2_2,2028,All,26.745,-5.995
2025_14_2_2,2029,All,26.489,-5.627
2025_14_2_3,2020,All,0.682,0.103
2025_14_2_3,2021,All,2.505,0.086
2025_14_2_3,2022,All,6.019,-0.595
2025_14_2_3,2023,All,11.479,-2.103
2025_14_2_3,2024,All,18.742,-4.359
2025_14_2_3,2025,All,28.525,-6.572
2025_14_2_3,2026,All,28.741,-6.809
2025_14_2_3,2027,All,29.074,-6.895
2025_14_2_3,2028,All,29.644,-6.814
2025_14_2_3,2029,All,30.348,-6.652
2025_15_0_1,2020,All,0.913,0.296
2025_15_0_1,2021,All,3.781,0.558
2025_15_0_1,2022,All,9.7,0.235
2025_15_0_1,2023,All,18.225,-1.542
2025_15_0_1,2024,All,30.462,-3.66
2025_15_0_1,2025,All,45.265,-5.984
2025_15_0_1,2026,All,38.204,-5.183
2025_15_0_1,2027,All,32.266,-4.2
2025_15_0_1,2028,All,27.304,-3.133
2025_15_0_1,2029,All,23.09,-2.187
2025_15_0_2,2020,All,0.908,0.29
2025_15_0_2,2021,All,3.748,0.524
2025_15_0_2,2022,All,9.594,0.13
2025_15_0_2,2023,All,17.985,-1.777
2025_15_0_2,2024,All,30.034,-4.07
2025_15_0_2,2025,All,44.588,-6.62
2025_15_0_2,2026,All,43.318,-6.672
2025_15_0_2,2027,All,42.307,-6.528
2025_15_0_2,2028,All,41.696,-6.132
2025_15_0_2,2029,All,41.276,-5.668
2025_15_0_3,2020,All,0.906,0.289
2025_15_0_3,2021,All,3.74,0.515
2025_15_0_3,2022,All,9.566,0.102
2025_15_0_3,2023,All,17.921,-1.84
2025_15_0_3,2024,All,29.92,-4.179
2025_15_0_3,2025,All,44.409,-6.789
2025_15_0_3,2026,All,44.6,-7.124
2025_15_0_3,2027,All,44.977,-7.229
2025_15_0_3,2028,All,45.7,-7.087
2025_15_0_3,2029,All,46.623,-6.85
2025_15_1_1,2020,All,0.914,0.228
2025_15_1_1,2021,All,3.744,0.368
2025_15_1_1,2022,All,9.567,-0.13
2025_15_1_1,2023,All,17.977,-2.094
2025_15_1_1,2024,All,30.098,-4.393
2025_15_1_1,2025,All,44.751,-6.921
2025_15_1_1,2026,All,37.717,-6.092
2025_15_1_1,2027,All,31.816,-5.068
2025_15_1_1,2028,All,26.901,-3.947
2025_15_1_1,2029,All,22.733,-2.945
2025_15_1_2,2020,All,0.906,0.22
2025_15_1_2,2021,All,3.705,0.327
2025_15_1_2,2022,All,9.451,-0.247
2025_15_1_2,2023,All,17.722,-2.346
2025_15_1_2,2024,All,29.649,-4.825
2025_15_1_2,2025,All,44.049,-7.583
2025_15_1_2,2026,All,42.76,-7.657
2025_15_1_2,2027,All,41.743,-7.524
2025_15_1_2,2028,All,41.139,-7.125
2025_15_1_2,2029,All,40.733,-6.65
2025_15_1_3,2020,All,0.904,0.218
2025_15_1_3,2021,All,3.695,0.316
2025_15_1_3,2022,All,9.42,-0.278
2025_15_1_3,2023,All,17.654,-2.413
2025_15_1_3,2024,All,29.53,-4.94
2025_15_1_3,2025,All,43.862,-7.759
2025_15_1_3,2026,All,44.023,-8.128
2025_15_1_3,2027,All,44.381,-8.258
2025_15_1_3,2028,All,45.099,-8.126
2025_15_1_3,2029,All,46.023,-7.892
2025_15_2_1,2020,All,0.959,0.123
2025_15_2_1,2021,All,3.819,0.069
2025_15_2_1,2022,All,9.606,-0.753
2025_15_2_1,2023,All,17.945,-3.141
2025_15_2_1,2024,All,30.033,-5.942
2025_15_2_1,2025,All,44.605,-9.078
2025_15_2_1,2026,All,37.59,-8.16
2025_15_2_1,2027,All,31.734,-7.024
2025_15_2_1,2028,All,26.894,-5.763
2025_15_2_1,2029,All,22.794,-4.617
2025_15_2_2,2020,All,0.948,0.111
2025_15_2_2,2021,All,3.77,0.018
2025_15_2_2,2022,All,9.47,-0.89
2025_15_2_2,2023,All,17.656,-3.426
2025_15_2_2,2024,All,29.535,-6.421
2025_15_2_2,2025,All,43.836,-9.803
2025_15_2_2,2026,All,42.499,-9.915
2025_15_2_2,2027,All,41.461,-9.798
2025_15_2_2,2028,All,40.874,-9.38
2025_15_2_2,2029,All,40.497,-8.873
2025_15_2_3,2020,All,0.945,0.107
2025_15_2_3,2021,All,3.757,0.005
2025_15_2_3,2022,All,9.434,-0.927
2025_15_2_3,2023,All,17.579,-3.501
2025_15_2_3,2024,All,29.403,-6.548
2025_15_2_3,2025,All,43.631,-9.996
2025_15_2_3,2026,All,43.725,-10.437
2025_15_2_3,2027,All,44.044,-10.614
2025_15_2_3,2028,All,44.759,-10.499
2025_15_2_3,2029,All,45.696,-10.266
2026_10_0_1,2020,All,0.099,0.076
2026_10_0_1,2021,All,0.177,0.07
2026_10_0_1,2022,All,0.256,0.033
2026_10_0_1,2023,All,0.381,0.004
2026_10_0_1,2024,All,0.541,-0.028
2026_10_0_1,2025,All,0.722,-0.022
2026_10_0_1,2026,All,0.938,-0.013
2026_10_0_1,2027,All,0.683,0.003
2026_10_0_1,2028,All,0.49,0.014
2026_10_0_1,2029,All,0.34,0.02
2026_10_0_2,2020,All,0.097,0.075
2026_10_0_2,2021,All,0.173,0.066
2026_10_0_2,2022,All,0.25,0.026
2026_10_0_2,2023,All,0.372,-0.006
2026_10_0_2,2024,All,0.529,-0.041
2026_10_0_2,2025,All,0.707,-0.037
2026_10_0_2,2026,All,0.919,-0.032
2026_10_0_2,2027,All,0.925,-0.015
2026_10_0_2,2028,All,0.936,0.003
2026_10_0_2,2029,All,0.951,0.025
2026_10_0_3,2020,All,0.097,0.074
2026_10_0_3,2021,All,0.172,0.065
2026_10_0_3,2022,All,0.248,0.024
2026_10_0_3,2023,All,0.369,-0.009
2026_10_0_3,2024,All,0.525,-0.045
2026_10_0_3,2025,All,0.702,-0.042
2026_10_0_3,2026,All,0.914,-0.038
2026_10_0_3,2027,All,0.99,-0.023
2026_10_0_3,2028,All,1.079,-0.007
2026_10_0_3,2029,All,1.174,0.016
2026_10_1_1,2020,All,0.099,0.054
2026_10_1_1,2021,All,0.165,0.002
2026_10_1_1,2022,All,0.218,-0.098
2026_10_1_1,2023,All,0.317,-0.188
2026_10_1_1,2024,All,0.464,-0.267
2026_10_1_1,2025,All,0.633,-0.304
2026_10_1_1,2026,All,0.839,-0.338
2026_10_1_1,2027,All,0.587,-0.306
2026_10_1_1,2028,All,0.4,-0.277
2026_10_1_1,2029,All,0.257,-0.252
2026_10_1_2,2020,All,0.097,0.051
2026_10_1_2,2021,All,0.158,-0.006
2026_10_1_2,2022,All,0.204,-0.113
2026_10_1_2,2023,All,0.298,-0.21
2026_10_1_2,2024,All,0.439,-0.294
2026_10_1_2,2025,All,0.603,-0.337
2026_10_1_2,2026,All,0.803,-0.377
2026_10_1_2,2027,All,0.807,-0.361
2026_10_1_2,2028,All,0.819,-0.342
2026_10_1_2,2029,All,0.836,-0.317
2026_10_1_3,2020,All,0.096,0.05
2026_10_1_3,2021,All,0.156,-0.008
2026_10_1_3,2022,All,0.201,-0.117
2026_10_1_3,2023,All,0.292,-0.216
2026_10_1_3,2024,All,0.432,-0.302
2026_10_1_3,2025,All,0.594,-0.347
2026_10_1_3,2026,All,0.792,-0.388
2026_10_1_3,2027,All,0.865,-0.379
2026_10_1_3,2028,All,0.954,-0.366
2026_10_1_3,2029,All,1.049,-0.344
2026_10_2_1,2020,All,0.113,-0.005
2026_10_2_1,2021,All,0.175,-0.151
2026_10_2_1,2022,All,0.2,-0.382
2026_10_2_1,2023,All,0.288,-0.614
2026_10_2_1,2024,All,0.458,-0.816
2026_10_2_1,2025,All,0.654,-0.97
2026_10_2_1,2026,All,0.909,-1.119
2026_10_2_1,2027,All,0.635,-1.069
2026_10_2_1,2028,All,0.435,-1.014
2026_10_2_1,2029,All,0.275,-0.969
2026_10_2_2,2020,All,0.108,-0.01
2026_10_2_2,2021,All,0.163,-0.164
2026_10_2_2,2022,All,0.178,-0.406
2026_10_2_2,2023,All,0.254,-0.651
2026_10_2_2,2024,All,0.414,-0.863
2026_10_2_2,2025,All,0.599,-1.028
2026_10_2_2,2026,All,0.843,-1.187
2026_10_2_2,2027,All,0.838,-1.179
2026_10_2_2,2028,All,0.848,-1.16
2026_10_2_2,2029,All,0.867,-1.13
2026_10_2_3,2020,All,0.107,-0.012
2026_10_2_3,2021,All,0.16,-0.168
2026_10_2_3,2022,All,0.171,-0.413
2026_10_2_3,2023,All,0.244,-0.661
2026_10_2_3,2024,All,0.401,-0.877
2026_10_2_3,2025,All,0.582,-1.044
2026_10_2_3,2026,All,0.824,-1.207
2026_10_2_3,2027,All,0.893,-1.209
2026_10_2_3,2028,All,0.982,-1.203
2026_10_2_3,2029,All,1.083,-1.182
2026_11_0_1,2020,All,0.159,0.078
2026_11_0_1,2021,All,0.351,0.069
2026_11_0_1,2022,All,0.653,0.019
2026_11_0_1,2023,All,1.064,-0.033
2026_11_0_1,2024,All,1.621,-0.113
2026_11_0_1,2025,All,2.279,-0.154
2026_11_0_1,2026,All,2.997,-0.17
2026_11_0_1,2027,All,2.267,-0.094
2026_11_0_1,2028,All,1.758,-0.02
2026_11_0_1,2029,All,1.35,0.036
2026_11_0_2,2020,All,0.157,0.075
2026_11_0_2,2021,All,0.345,0.063
2026_11_0_2,2022,All,0.64,0.006
2026_11_0_2,2023,All,1.043,-0.056
2026_11_0_2,2024,All,1.588,-0.148
2026_11_0_2,2025,All,2.231,-0.203
2026_11_0_2,2026,All,2.937,-0.233
2026_11_0_2,2027,All,2.909,-0.189
2026_11_0_2,2028,All,2.901,-0.142
2026_11_0_2,2029,All,2.916,-0.086
2026_11_0_3,2020,All,0.156,0.075
2026_11_0_3,2021,All,0.344,0.062
2026_11_0_3,2022,All,0.637,0.002
2026_11_0_3,2023,All,1.038,-0.062
2026_11_0_3,2024,All,1.579,-0.157
2026_11_0_3,2025,All,2.219,-0.216
2026_11_0_3,2026,All,2.921,-0.249
2026_11_0_3,2027,All,3.092,-0.216
2026_11_0_3,2028,All,3.281,-0.178
2026_11_0_3,2029,All,3.48,-0.128
2026_11_1_1,2020,All,0.16,0.049
2026_11_1_1,2021,All,0.337,-0.015
2026_11_1_1,2022,All,0.605,-0.143
2026_11_1_1,2023,All,0.984,-0.271
2026_11_1_1,2024,All,1.522,-0.408
2026_11_1_1,2025,All,2.162,-0.506
2026_11_1_1,2026,All,2.864,-0.579
2026_11_1_1,2027,All,2.139,-0.485
2026_11_1_1,2028,All,1.64,-0.388
2026_11_1_1,2029,All,1.242,-0.31
2026_11_1_2,2020,All,0.156,0.045
2026_11_1_2,2021,All,0.327,-0.026
2026_11_1_2,2022,All,0.584,-0.166
2026_11_1_2,2023,All,0.95,-0.307
2026_11_1_2,2024,All,1.474,-0.46
2026_11_1_2,2025,All,2.098,-0.575
2026_11_1_2,2026,All,2.783,-0.664
2026_11_1_2,2027,All,2.752,-0.623
2026_11_1_2,2028,All,2.745,-0.575
2026_11_1_2,2029,All,2.762,-0.516
2026_11_1_3,2020,All,0.155,0.044
2026_11_1_3,2021,All,0.324,-0.029
2026_11_1_3,2022,All,0.579,-0.172
2026_11_1_3,2023,All,0.942,-0.316
2026_11_1_3,2024,All,1.461,-0.473
2026_11_1_3,2025,All,2.081,-0.593
2026_11_1_3,2026,All,2.762,-0.686
2026_11_1_3,2027,All,2.927,-0.661
2026_11_1_3,2028,All,3.114,-0.629
2026_11_1_3,2029,All,3.313,-0.58
2026_11_2_1,2020,All,0.178,-0.016
2026_11_2_1,2021,All,0.358,-0.181
2026_11_2_1,2022,All,0.602,-0.455
2026_11_2_1,2023,All,0.978,-0.747
2026_11_2_1,2024,All,1.549,-1.017
2026_11_2_1,2025,All,2.232,-1.255
2026_11_2_1,2026,All,3.006,-1.483
2026_11_2_1,2027,All,2.257,-1.354
2026_11_2_1,2028,All,1.745,-1.22
2026_11_2_1,2029,All,1.337,-1.105
2026_11_2_2,2020,All,0.171,-0.024
2026_11_2_2,2021,All,0.34,-0.201
2026_11_2_2,2022,All,0.567,-0.492
2026_11_2_2,2023,All,0.923,-0.805
2026_11_2_2,2024,All,1.472,-1.097
2026_11_2_2,2025,All,2.132,-1.358
2026_11_2_2,2026,All,2.881,-1.61
2026_11_2_2,2027,All,2.84,-1.575
2026_11_2_2,2028,All,2.832,-1.523
2026_11_2_2,2029,All,2.85,-1.458
2026_11_2_3,2020,All,0.169,-0.025
2026_11_2_3,2021,All,0.335,-0.206
2026_11_2_3,2022,All,0.558,-0.502
2026_11_2_3,2023,All,0.908,-0.82
2026_11_2_3,2024,All,1.452,-1.118
2026_11_2_3,2025,All,2.106,-1.385
2026_11_2_3,2026,All,2.849,-1.644
2026_11_2_3,2027,All,3.006,-1.634
2026_11_2_3,2028,All,3.192,-1.611
2026_11_2_3,2029,All,3.397,-1.565
2026_12_0_1,2020,All,0.237,0.077
2026_12_0_1,2021,All,0.64,0.171
2026_12_0_1,2022,All,1.262,0.129
2026_12_0_1,2023,All,2.23,-0.037
2026_12_0_1,2024,All,3.65,-0.281
2026_12_0_1,2025,All,5.475,-0.353
2026_12_0_1,2026,All,7.446,-0.453
2026_12_0_1,2027,All,5.893,-0.295
2026_12_0_1,2028,All,4.632,-0.171
2026_12_0_1,2029,All,3.586,-0.075
2026_12_0_2,2020,All,0.235,0.074
2026_12_0_2,2021,All,0.632,0.162
2026_12_0_2,2022,All,1.242,0.108
2026_12_0_2,2023,All,2.189,-0.08
2026_12_0_2,2024,All,3.585,-0.347
2026_12_0_2,2025,All,5.38,-0.45
2026_12_0_2,2026,All,7.318,-0.583
2026_12_0_2,2027,All,7.2,-0.511
2026_12_0_2,2028,All,7.121,-0.43
2026_12_0_2,2029,All,7.073,-0.33
2026_12_0_3,2020,All,0.234,0.074
2026_12_0_3,2021,All,0.63,0.16
2026_12_0_3,2022,All,1.237,0.102
2026_12_0_3,2023,All,2.179,-0.091
2026_12_0_3,2024,All,3.569,-0.364
2026_12_0_3,2025,All,5.356,-0.474
2026_12_0_3,2026,All,7.285,-0.616
2026_12_0_3,2027,All,7.528,-0.574
2026_12_0_3,2028,All,7.804,-0.52
2026_12_0_3,2029,All,8.1,-0.445
2026_12_1_1,2020,All,0.238,0.042
2026_12_1_1,2021,All,0.622,0.068
2026_12_1_1,2022,All,1.203,-0.065
2026_12_1_1,2023,All,2.128,-0.323
2026_12_1_1,2024,All,3.523,-0.639
2026_12_1_1,2025,All,5.32,-0.786
2026_12_1_1,2026,All,7.26,-0.961
2026_12_1_1,2027,All,5.717,-0.782
2026_12_1_1,2028,All,4.469,-0.633
2026_12_1_1,2029,All,3.438,-0.508
2026_12_1_2,2020,All,0.234,0.037
2026_12_1_2,2021,All,0.609,0.054
2026_12_1_2,2022,All,1.174,-0.096
2026_12_1_2,2023,All,2.075,-0.379
2026_12_1_2,2024,All,3.443,-0.722
2026_12_1_2,2025,All,5.207,-0.902
2026_12_1_2,2026,All,7.11,-1.114
2026_12_1_2,2027,All,6.988,-1.047
2026_12_1_2,2028,All,6.909,-0.967
2026_12_1_2,2029,All,6.866,-0.862
2026_12_1_3,2020,All,0.233,0.036
2026_12_1_3,2021,All,0.606,0.05
2026_12_1_3,2022,All,1.167,-0.104
2026_12_1_3,2023,All,2.062,-0.393
2026_12_1_3,2024,All,3.423,-0.744
2026_12_1_3,2025,All,5.179,-0.932
2026_12_1_3,2026,All,7.072,-1.153
2026_12_1_3,2027,All,7.307,-1.123
2026_12_1_3,2028,All,7.579,-1.076
2026_12_1_3,2029,All,7.874,-1.004
2026_12_2_1,2020,All,0.26,-0.029
2026_12_2_1,2021,All,0.65,-0.117
2026_12_2_1,2022,All,1.215,-0.414
2026_12_2_1,2023,All,2.13,-0.866
2026_12_2_1,2024,All,3.559,-1.345
2026_12_2_1,2025,All,5.409,-1.666
2026_12_2_1,2026,All,7.432,-2.064
2026_12_2_1,2027,All,5.872,-1.831
2026_12_2_1,2028,All,4.609,-1.631
2026_12_2_1,2029,All,3.571,-1.449
2026_12_2_2,2020,All,0.252,-0.038
2026_12_2_2,2021,All,0.629,-0.14
2026_12_2_2,2022,All,1.17,-0.461
2026_12_2_2,2023,All,2.053,-0.946
2026_12_2_2,2024,All,3.448,-1.459
2026_12_2_2,2025,All,5.257,-1.821
2026_12_2_2,2026,All,7.232,-2.265
2026_12_2_2,2027,All,7.099,-2.204
2026_12_2_2,2028,All,7.017,-2.12
2026_12_2_2,2029,All,6.979,-2.005
2026_12_2_3,2020,All,0.251,-0.04
2026_12_2_3,2021,All,0.623,-0.145
2026_12_2_3,2022,All,1.159,-0.472
2026_12_2_3,2023,All,2.033,-0.967
2026_12_2_3,2024,All,3.419,-1.488
2026_12_2_3,2025,All,5.218,-1.86
2026_12_2_3,2026,All,7.181,-2.316
2026_12_2_3,2027,All,7.404,-2.307
2026_12_2_3,2028,All,7.673,-2.272
2026_12_2_3,2029,All,7.972,-2.206
2026_13_0_1,2020,All,0.329,0.082
2026_13_0_1,2021,All,1.05,0.187
2026_13_0_1,2022,All,2.265,0.056
2026_13_0_1,2023,All,4.27,-0.177
2026_13_0_1,2024,All,7.064,-0.548
2026_13_0_1,2025,All,10.503,-0.74
2026_13_0_1,2026,All,14.514,-1.04
2026_13_0_1,2027,All,11.856,-0.725
2026_13_0_1,2028,All,9.641,-0.513
2026_13_0_1,2029,All,7.833,-0.301
2026_13_0_2,2020,All,0.326,0.079
2026_13_0_2,2021,All,1.039,0.175
2026_13_0_2,2022,All,2.231,0.02
2026_13_0_2,2023,All,4.202,-0.248
2026_13_0_2,2024,All,6.95,-0.664
2026_13_0_2,2025,All,10.334,-0.909
2026_13_0_2,2026,All,14.275,-1.275
2026_13_0_2,2027,All,14.008,-1.152
2026_13_0_2,2028,All,13.841,-0.996
2026_13_0_2,2029,All,13.729,-0.819
2026_13_0_3,2020,All,0.325,0.078
2026_13_0_3,2021,All,1.036,0.172
2026_13_0_3,2022,All,2.222,0.011
2026_13_0_3,2023,All,4.183,-0.267
2026_13_0_3,2024,All,6.919,-0.695
2026_13_0_3,2025,All,10.288,-0.955
2026_13_0_3,2026,All,14.211,-1.338
2026_13_0_3,2027,All,14.531,-1.305
2026_13_0_3,2028,All,14.924,-1.235
2026_13_0_3,2029,All,15.37,-1.13
2026_13_1_1,2020,All,0.33,0.04
2026_13_1_1,2021,All,1.029,0.068
2026_13_1_1,2022,All,2.194,-0.171
2026_13_1_1,2023,All,4.146,-0.515
2026_13_1_1,2024,All,6.901,-0.976
2026_13_1_1,2025,All,10.296,-1.263
2026_13_1_1,2026,All,14.263,-1.649
2026_13_1_1,2027,All,11.617,-1.314
2026_13_1_1,2028,All,9.418,-1.075
2026_13_1_1,2029,All,7.633,-0.83
2026_13_1_2,2020,All,0.326,0.035
2026_13_1_2,2021,All,1.013,0.05
2026_13_1_2,2022,All,2.151,-0.217
2026_13_1_2,2023,All,4.064,-0.6
2026_13_1_2,2024,All,6.77,-1.11
2026_13_1_2,2025,All,10.106,-1.453
2026_13_1_2,2026,All,14.002,-1.909
2026_13_1_2,2027,All,13.729,-1.793
2026_13_1_2,2028,All,13.563,-1.637
2026_13_1_2,2029,All,13.457,-1.456
2026_13_1_3,2020,All,0.324,0.033
2026_13_1_3,2021,All,1.009,0.045
2026_13_1_3,2022,All,2.14,-0.229
2026_13_1_3,2023,All,4.042,-0.623
2026_13_1_3,2024,All,6.735,-1.146
2026_13_1_3,2025,All,10.055,-1.505
2026_13_1_3,2026,All,13.931,-1.979
2026_13_1_3,2027,All,14.24,-1.961
2026_13_1_3,2028,All,14.63,-1.9
2026_13_1_3,2029,All,15.076,-1.798
2026_13_2_1,2020,All,0.356,-0.036
2026_13_2_1,2021,All,1.069,-0.131
2026_13_2_1,2022,All,2.214,-0.566
2026_13_2_1,2023,All,4.15,-1.13
2026_13_2_1,2024,All,6.935,-1.79
2026_13_2_1,2025,All,10.38,-2.325
2026_13_2_1,2026,All,14.435,-2.987
2026_13_2_1,2027,All,11.766,-2.593
2026_13_2_1,2028,All,9.564,-2.286
2026_13_2_1,2029,All,7.785,-1.963
2026_13_2_2,2020,All,0.348,-0.045
2026_13_2_2,2021,All,1.044,-0.157
2026_13_2_2,2022,All,2.154,-0.629
2026_13_2_2,2023,All,4.043,-1.241
2026_13_2_2,2024,All,6.77,-1.958
2026_13_2_2,2025,All,10.145,-2.56
2026_13_2_2,2026,All,14.116,-3.302
2026_13_2_2,2027,All,13.829,-3.193
2026_13_2_2,2028,All,13.664,-3.03
2026_13_2_2,2029,All,13.566,-2.834
2026_13_2_3,2020,All,0.346,-0.048
2026_13_2_3,2021,All,1.037,-0.165
2026_13_2_3,2022,All,2.138,-0.645
2026_13_2_3,2023,All,4.014,-1.27
2026_13_2_3,2024,All,6.725,-2.003
2026_13_2_3,2025,All,10.082,-2.623
2026_13_2_3,2026,All,14.03,-3.387
2026_13_2_3,2027,All,14.323,-3.394
2026_13_2_3,2028,All,14.71,-3.347
2026_13_2_3,2029,All,15.163,-3.25
2026_14_0_1,2020,All,0.448,0.084
2026_14_0_1,2021,All,1.582,0.157
2026_14_0_1,2022,All,3.726,-0.035
2026_14_0_1,2023,All,7.192,-0.453
2026_14_0_1,2024,All,11.963,-0.906
2026_14_0_1,2025,All,17.626,-1.663
2026_14_0_1,2026,All,24.635,-2.54
2026_14_0_1,2027,All,20.466,-1.973
2026_14_0_1,2028,All,17.098,-1.356
2026_14_0_1,2029,All,14.299,-0.78
2026_14_0_2,2020,All,0.444,0.08
2026_14_0_2,2021,All,1.565,0.14
2026_14_0_2,2022,All,3.677,-0.086
2026_14_0_2,2023,All,7.088,-0.558
2026_14_0_2,2024,All,11.791,-1.075
2026_14_0_2,2025,All,17.354,-1.929
2026_14_0_2,2026,All,24.239,-2.923
2026_14_0_2,2027,All,23.67,-2.803
2026_14_0_2,2028,All,23.284,-2.612
2026_14_0_2,2029,All,23.038,-2.347
2026_14_0_3,2020,All,0.443,0.079
2026_14_0_3,2021,All,1.561,0.136
2026_14_0_3,2022,All,3.665,-0.098
2026_14_0_3,2023,All,7.062,-0.585
2026_14_0_3,2024,All,11.748,-1.118
2026_14_0_3,2025,All,17.286,-1.996
2026_14_0_3,2026,All,24.138,-3.02
2026_14_0_3,2027,All,24.492,-3.037
2026_14_0_3,2028,All,24.987,-2.976
2026_14_0_3,2029,All,25.589,-2.848
2026_14_1_1,2020,All,0.449,0.035
2026_14_1_1,2021,All,1.556,0.019
2026_14_1_1,2022,All,3.64,-0.3
2026_14_1_1,2023,All,7.038,-0.845
2026_14_1_1,2024,All,11.754,-1.409
2026_14_1_1,2025,All,17.357,-2.274
2026_14_1_1,2026,All,24.292,-3.278
2026_14_1_1,2027,All,20.142,-2.683
2026_14_1_1,2028,All,16.801,-2.029
2026_14_1_1,2029,All,14.035,-1.41
2026_14_1_2,2020,All,0.444,0.028
2026_14_1_2,2021,All,1.535,-0.004
2026_14_1_2,2022,All,3.582,-0.36
2026_14_1_2,2023,All,6.921,-0.965
2026_14_1_2,2024,All,11.565,-1.598
2026_14_1_2,2025,All,17.065,-2.563
2026_14_1_2,2026,All,23.871,-3.687
2026_14_1_2,2027,All,23.294,-3.578
2026_14_1_2,2028,All,22.908,-3.389
2026_14_1_2,2029,All,22.67,-3.118
2026_14_1_3,2020,All,0.442,0.027
2026_14_1_3,2021,All,1.529,-0.01
2026_14_1_3,2022,All,3.567,-0.375
2026_14_1_3,2023,All,6.891,-0.995
2026_14_1_3,2024,All,11.517,-1.645
2026_14_1_3,2025,All,16.991,-2.635
2026_14_1_3,2026,All,23.765,-3.791
2026_14_1_3,2027,All,24.102,-3.829
2026_14_1_3,2028,All,24.59,-3.779
2026_14_1_3,2029,All,25.192,-3.656
2026_14_2_1,2020,All,0.479,-0.048
2026_14_2_1,2021,All,1.602,-0.197
2026_14_2_1,2022,All,3.662,-0.744
2026_14_2_1,2023,All,7.034,-1.547
2026_14_2_1,2024,All,11.771,-2.363
2026_14_2_1,2025,All,17.405,-3.544
2026_14_2_1,2026,All,24.394,-4.929
2026_14_2_1,2027,All,20.245,-4.249
2026_14_2_1,2028,All,16.918,-3.497
2026_14_2_1,2029,All,14.176,-2.773
2026_14_2_2,2020,All,0.47,-0.058
2026_14_2_2,2021,All,1.572,-0.229
2026_14_2_2,2022,All,3.587,-0.822
2026_14_2_2,2023,All,6.89,-1.693
2026_14_2_2,2024,All,11.545,-2.587
2026_14_2_2,2025,All,17.064,-3.879
2026_14_2_2,2026,All,23.911,-5.398
2026_14_2_2,2027,All,23.314,-5.3
2026_14_2_2,2028,All,22.925,-5.11
2026_14_2_2,2029,All,22.7,-4.82
2026_14_2_3,2020,All,0.468,-0.06
2026_14_2_3,2021,All,1.564,-0.237
2026_14_2_3,2022,All,3.568,-0.842
2026_14_2_3,2023,All,6.853,-1.73
2026_14_2_3,2024,All,11.488,-2.644
2026_14_2_3,2025,All,16.978,-3.963
2026_14_2_3,2026,All,23.788,-5.516
2026_14_2_3,2027,All,24.097,-5.592
2026_14_2_3,2028,All,24.575,-5.564
2026_14_2_3,2029,All,25.182,-5.447
2026_15_0_1,2020,All,0.64,0.273
2026_15_0_1,2021,All,2.451,0.571
2026_15_0_1,2022,All,6.038,0.417
2026_15_0_1,2023,All,11.557,-0.493
2026_15_0_1,2024,All,18.869,-1.973
2026_15_0_1,2025,All,28.225,-3.214
2026_15_0_1,2026,All,38.626,-4.784
2026_15_0_1,2027,All,32.515,-3.962
2026_15_0_1,2028,All,27.396,-3.045
2026_15_0_1,2029,All,23.113,-2.164
2026_15_0_2,2020,All,0.636,0.269
2026_15_0_2,2021,All,2.429,0.548
2026_15_0_2,2022,All,5.97,0.347
2026_15_0_2,2023,All,11.411,-0.637
2026_15_0_2,2024,All,18.607,-2.23
2026_15_0_2,2025,All,27.813,-3.611
2026_15_0_2,2026,All,38.034,-5.345
2026_15_0_2,2027,All,37.075,-5.268
2026_15_0_2,2028,All,36.394,-5.032
2026_15_0_2,2029,All,35.951,-4.681
2026_15_0_3,2020,All,0.635,0.268
2026_15_0_3,2021,All,2.423,0.542
2026_15_0_3,2022,All,5.952,0.329
2026_15_0_3,2023,All,11.375,-0.673
2026_15_0_3,2024,All,18.542,-2.294
2026_15_0_3,2025,All,27.711,-3.709
2026_15_0_3,2026,All,37.887,-5.484
2026_15_0_3,2027,All,38.191,-5.618
2026_15_0_3,2028,All,38.73,-5.601
2026_15_0_3,2029,All,39.48,-5.45
2026_15_1_1,2020,All,0.641,0.217
2026_15_1_1,2021,All,2.42,0.414
2026_15_1_1,2022,All,5.935,0.116
2026_15_1_1,2023,All,11.367,-0.944
2026_15_1_1,2024,All,18.604,-2.556
2026_15_1_1,2025,All,27.869,-3.94
2026_15_1_1,2026,All,38.16,-5.67
2026_15_1_1,2027,All,32.078,-4.816
2026_15_1_1,2028,All,26.998,-3.853
2026_15_1_1,2029,All,22.758,-2.921
2026_15_1_2,2020,All,0.635,0.21
2026_15_1_2,2021,All,2.393,0.385
2026_15_1_2,2022,All,5.857,0.036
2026_15_1_2,2023,All,11.208,-1.103
2026_15_1_2,2024,All,18.324,-2.831
2026_15_1_2,2025,All,27.436,-4.359
2026_15_1_2,2026,All,37.543,-6.258
2026_15_1_2,2027,All,36.573,-6.197
2026_15_1_2,2028,All,35.892,-5.964
2026_15_1_2,2029,All,35.458,-5.606
2026_15_1_3,2020,All,0.634,0.208
2026_15_1_3,2021,All,2.386,0.378
2026_15_1_3,2022,All,5.838,0.016
2026_15_1_3,2023,All,11.168,-1.143
2026_15_1_3,2024,All,18.255,-2.899
2026_15_1_3,2025,All,27.328,-4.463
2026_15_1_3,2026,All,37.39,-6.404
2026_15_1_3,2027,All,37.672,-6.565
2026_15_1_3,2028,All,38.201,-6.563
2026_15_1_3,2029,All,38.948,-6.418
2026_15_2_1,2020,All,0.674,0.127
2026_15_2_1,2021,All,2.473,0.174
2026_15_2_1,2022,All,5.96,-0.383
2026_15_2_1,2023,All,11.345,-1.738
2026_15_2_1,2024,All,18.578,-3.682
2026_15_2_1,2025,All,27.832,-5.475
2026_15_2_1,2026,All,38.089,-7.685
2026_15_2_1,2027,All,32.035,-6.736
2026_15_2_1,2028,All,27.005,-5.655
2026_15_2_1,2029,All,22.821,-4.59
2026_15_2_2,2020,All,0.665,0.117
2026_15_2_2,2021,All,2.437,0.136
2026_15_2_2,2022,All,5.865,-0.48
2026_15_2_2,2023,All,11.159,-1.923
2026_15_2_2,2024,All,18.261,-3.993
2026_15_2_2,2025,All,27.348,-5.942
2026_15_2_2,2026,All,37.405,-8.336
2026_15_2_2,2027,All,36.404,-8.298
2026_15_2_2,2028,All,35.718,-8.068
2026_15_2_2,2029,All,35.301,-7.691
2026_15_2_3,2020,All,0.663,0.114
2026_15_2_3,2021,All,2.428,0.127
2026_15_2_3,2022,All,5.842,-0.505
2026_15_2_3,2023,All,11.113,-1.969
2026_15_2_3,2024,All,18.182,-4.07
2026_15_2_3,2025,All,27.228,-6.058
2026_15_2_3,2026,All,37.236,-8.497
2026_15_2_3,2027,All,37.472,-8.711
2026_15_2_3,2028,All,37.979,-8.742
2026_15_2_3,2029,All,38.727,-8.608
2027_10_0_1,2020,All,0.081,0.076
2027_10_0_1,2021,All,0.134,0.071
2027_10_0_1,2022,All,0.183,0.038
2027_10_0_1,2023,All,0.242,0.009
2027_10_0_1,2024,All,0.332,-0.02
2027_10_0_1,2025,All,0.436,-0.013
2027_10_0_1,2026,All,0.545,-0.005
2027_10_0_1,2027,All,0.685,0.006
2027_10_0_1,2028,All,0.491,0.015
2027_10_0_1,2029,All,0.34,0.02
2027_10_0_2,2020,All,0.08,0.074
2027_10_0_2,2021,All,0.131,0.068
2027_10_0_2,2022,All,0.178,0.033
2027_10_0_2,2023,All,0.236,0.002
2027_10_0_2,2024,All,0.324,-0.029
2027_10_0_2,2025,All,0.426,-0.024
2027_10_0_2,2026,All,0.533,-0.017
2027_10_0_2,2027,All,0.671,-0.009
2027_10_0_2,2028,All,0.682,0.005
2027_10_0_2,2029,All,0.696,0.022
2027_10_0_3,2020,All,0.08,0.074
2027_10_0_3,2021,All,0.13,0.067
2027_10_0_3,2022,All,0.177,0.031
2027_10_0_3,2023,All,0.234,0
2027_10_0_3,2024,All,0.322,-0.032
2027_10_0_3,2025,All,0.424,-0.027
2027_10_0_3,2026,All,0.53,-0.02
2027_10_0_3,2027,All,0.668,-0.012
2027_10_0_3,2028,All,0.731,0.001
2027_10_0_3,2029,All,0.799,0.018
2027_10_1_1,2020,All,0.082,0.057
2027_10_1_1,2021,All,0.124,0.014
2027_10_1_1,2022,All,0.15,-0.072
2027_10_1_1,2023,All,0.187,-0.152
2027_10_1_1,2024,All,0.266,-0.221
2027_10_1_1,2025,All,0.36,-0.251
2027_10_1_1,2026,All,0.459,-0.277
2027_10_1_1,2027,All,0.591,-0.302
2027_10_1_1,2028,All,0.403,-0.274
2027_10_1_1,2029,All,0.258,-0.251
2027_10_1_2,2020,All,0.079,0.055
2027_10_1_2,2021,All,0.118,0.007
2027_10_1_2,2022,All,0.139,-0.084
2027_10_1_2,2023,All,0.172,-0.169
2027_10_1_2,2024,All,0.247,-0.242
2027_10_1_2,2025,All,0.337,-0.276
2027_10_1_2,2026,All,0.433,-0.307
2027_10_1_2,2027,All,0.56,-0.335
2027_10_1_2,2028,All,0.571,-0.321
2027_10_1_2,2029,All,0.587,-0.301
2027_10_1_3,2020,All,0.079,0.054
2027_10_1_3,2021,All,0.116,0.006
2027_10_1_3,2022,All,0.137,-0.088
2027_10_1_3,2023,All,0.168,-0.174
2027_10_1_3,2024,All,0.242,-0.248
2027_10_1_3,2025,All,0.331,-0.283
2027_10_1_3,2026,All,0.426,-0.314
2027_10_1_3,2027,All,0.552,-0.344
2027_10_1_3,2028,All,0.614,-0.335
2027_10_1_3,2029,All,0.682,-0.32
2027_10_2_1,2020,All,0.091,0.005
2027_10_2_1,2021,All,0.126,-0.12
2027_10_2_1,2022,All,0.125,-0.32
2027_10_2_1,2023,All,0.142,-0.516
2027_10_2_1,2024,All,0.235,-0.691
2027_10_2_1,2025,All,0.348,-0.823
2027_10_2_1,2026,All,0.472,-0.944
2027_10_2_1,2027,All,0.638,-1.066
2027_10_2_1,2028,All,0.434,-1.014
2027_10_2_1,2029,All,0.273,-0.972
2027_10_2_2,2020,All,0.087,0.001
2027_10_2_2,2021,All,0.117,-0.131
2027_10_2_2,2022,All,0.107,-0.34
2027_10_2_2,2023,All,0.115,-0.545
2027_10_2_2,2024,All,0.201,-0.728
2027_10_2_2,2025,All,0.306,-0.868
2027_10_2_2,2026,All,0.422,-0.996
2027_10_2_2,2027,All,0.58,-1.126
2027_10_2_2,2028,All,0.588,-1.113
2027_10_2_2,2029,All,0.605,-1.089
2027_10_2_3,2020,All,0.086,-0
2027_10_2_3,2021,All,0.114,-0.134
2027_10_2_3,2022,All,0.102,-0.345
2027_10_2_3,2023,All,0.108,-0.552
2027_10_2_3,2024,All,0.192,-0.737
2027_10_2_3,2025,All,0.295,-0.879
2027_10_2_3,2026,All,0.409,-1.01
2027_10_2_3,2027,All,0.565,-1.142
2027_10_2_3,2028,All,0.626,-1.141
2027_10_2_3,2029,All,0.696,-1.129
2027_11_0_1,2020,All,0.129,0.077
2027_11_0_1,2021,All,0.26,0.07
2027_11_0_1,2022,All,0.435,0.025
2027_11_0_1,2023,All,0.69,-0.013
2027_11_0_1,2024,All,1.014,-0.048
2027_11_0_1,2025,All,1.407,-0.063
2027_11_0_1,2026,All,1.839,-0.077
2027_11_0_1,2027,All,2.278,-0.082
2027_11_0_1,2028,All,1.764,-0.013
2027_11_0_1,2029,All,1.352,0.038
2027_11_0_2,2020,All,0.127,0.075
2027_11_0_2,2021,All,0.256,0.065
2027_11_0_2,2022,All,0.426,0.015
2027_11_0_2,2023,All,0.675,-0.03
2027_11_0_2,2024,All,0.993,-0.07
2027_11_0_2,2025,All,1.377,-0.094
2027_11_0_2,2026,All,1.801,-0.117
2027_11_0_2,2027,All,2.232,-0.131
2027_11_0_2,2028,All,2.232,-0.095
2027_11_0_2,2029,All,2.244,-0.052
2027_11_0_3,2020,All,0.127,0.074
2027_11_0_3,2021,All,0.255,0.063
2027_11_0_3,2022,All,0.424,0.013
2027_11_0_3,2023,All,0.671,-0.034
2027_11_0_3,2024,All,0.987,-0.076
2027_11_0_3,2025,All,1.37,-0.101
2027_11_0_3,2026,All,1.791,-0.127
2027_11_0_3,2027,All,2.22,-0.143
2027_11_0_3,2028,All,2.355,-0.118
2027_11_0_3,2029,All,2.508,-0.082
2027_11_1_1,2020,All,0.129,0.053
2027_11_1_1,2021,All,0.248,-0.001
2027_11_1_1,2022,All,0.395,-0.11
2027_11_1_1,2023,All,0.62,-0.216
2027_11_1_1,2024,All,0.93,-0.297
2027_11_1_1,2025,All,1.309,-0.358
2027_11_1_1,2026,All,1.728,-0.418
2027_11_1_1,2027,All,2.155,-0.468
2027_11_1_1,2028,All,1.649,-0.378
2027_11_1_1,2029,All,1.246,-0.305
2027_11_1_2,2020,All,0.126,0.05
2027_11_1_2,2021,All,0.24,-0.011
2027_11_1_2,2022,All,0.378,-0.129
2027_11_1_2,2023,All,0.594,-0.244
2027_11_1_2,2024,All,0.895,-0.335
2027_11_1_2,2025,All,1.264,-0.406
2027_11_1_2,2026,All,1.672,-0.478
2027_11_1_2,2027,All,2.088,-0.539
2027_11_1_2,2028,All,2.087,-0.504
2027_11_1_2,2029,All,2.101,-0.458
2027_11_1_3,2020,All,0.125,0.049
2027_11_1_3,2021,All,0.238,-0.013
2027_11_1_3,2022,All,0.373,-0.134
2027_11_1_3,2023,All,0.587,-0.252
2027_11_1_3,2024,All,0.886,-0.344
2027_11_1_3,2025,All,1.252,-0.419
2027_11_1_3,2026,All,1.657,-0.494
2027_11_1_3,2027,All,2.071,-0.558
2027_11_1_3,2028,All,2.203,-0.538
2027_11_1_3,2029,All,2.356,-0.505
2027_11_2_1,2020,All,0.143,-0.003
2027_11_2_1,2021,All,0.258,-0.149
2027_11_2_1,2022,All,0.38,-0.382
2027_11_2_1,2023,All,0.591,-0.624
2027_11_2_1,2024,All,0.926,-0.82
2027_11_2_1,2025,All,1.337,-0.986
2027_11_2_1,2026,All,1.795,-1.161
2027_11_2_1,2027,All,2.279,-1.332
2027_11_2_1,2028,All,1.758,-1.207
2027_11_2_1,2029,All,1.341,-1.1
2027_11_2_2,2020,All,0.137,-0.01
2027_11_2_2,2021,All,0.243,-0.165
2027_11_2_2,2022,All,0.351,-0.413
2027_11_2_2,2023,All,0.546,-0.672
2027_11_2_2,2024,All,0.867,-0.882
2027_11_2_2,2025,All,1.262,-1.064
2027_11_2_2,2026,All,1.703,-1.256
2027_11_2_2,2027,All,2.168,-1.445
2027_11_2_2,2028,All,2.163,-1.412
2027_11_2_2,2029,All,2.178,-1.362
2027_11_2_3,2020,All,0.136,-0.011
2027_11_2_3,2021,All,0.239,-0.17
2027_11_2_3,2022,All,0.344,-0.421
2027_11_2_3,2023,All,0.535,-0.684
2027_11_2_3,2024,All,0.851,-0.898
2027_11_2_3,2025,All,1.243,-1.084
2027_11_2_3,2026,All,1.679,-1.28
2027_11_2_3,2027,All,2.14,-1.474
2027_11_2_3,2028,All,2.271,-1.465
2027_11_2_3,2029,All,2.426,-1.436
2027_12_0_1,2020,All,0.185,0.079
2027_12_0_1,2021,All,0.439,0.068
2027_12_0_1,2022,All,0.85,0.016
2027_12_0_1,2023,All,1.402,-0.084
2027_12_0_1,2024,All,2.179,-0.18
2027_12_0_1,2025,All,3.168,-0.229
2027_12_0_1,2026,All,4.442,-0.234
2027_12_0_1,2027,All,5.919,-0.269
2027_12_0_1,2028,All,4.647,-0.156
2027_12_0_1,2029,All,3.592,-0.069
2027_12_0_2,2020,All,0.183,0.076
2027_12_0_2,2021,All,0.433,0.061
2027_12_0_2,2022,All,0.836,0.002
2027_12_0_2,2023,All,1.375,-0.112
2027_12_0_2,2024,All,2.138,-0.223
2027_12_0_2,2025,All,3.109,-0.289
2027_12_0_2,2026,All,4.365,-0.314
2027_12_0_2,2027,All,5.817,-0.373
2027_12_0_2,2028,All,5.758,-0.303
2027_12_0_2,2029,All,5.726,-0.22
2027_12_0_3,2020,All,0.182,0.076
2027_12_0_3,2021,All,0.431,0.06
2027_12_0_3,2022,All,0.833,-0.002
2027_12_0_3,2023,All,1.369,-0.119
2027_12_0_3,2024,All,2.127,-0.234
2027_12_0_3,2025,All,3.094,-0.305
2027_12_0_3,2026,All,4.344,-0.334
2027_12_0_3,2027,All,5.791,-0.399
2027_12_0_3,2028,All,6.03,-0.353
2027_12_0_3,2029,All,6.294,-0.29
2027_12_1_1,2020,All,0.186,0.049
2027_12_1_1,2021,All,0.424,-0.019
2027_12_1_1,2022,All,0.799,-0.149
2027_12_1_1,2023,All,1.316,-0.325
2027_12_1_1,2024,All,2.072,-0.482
2027_12_1_1,2025,All,3.041,-0.59
2027_12_1_1,2026,All,4.295,-0.655
2027_12_1_1,2027,All,5.749,-0.749
2027_12_1_1,2028,All,4.487,-0.614
2027_12_1_1,2029,All,3.446,-0.5
2027_12_1_2,2020,All,0.182,0.045
2027_12_1_2,2021,All,0.413,-0.03
2027_12_1_2,2022,All,0.778,-0.172
2027_12_1_2,2023,All,1.279,-0.365
2027_12_1_2,2024,All,2.018,-0.54
2027_12_1_2,2025,All,2.967,-0.668
2027_12_1_2,2026,All,4.198,-0.756
2027_12_1_2,2027,All,5.626,-0.876
2027_12_1_2,2028,All,5.567,-0.807
2027_12_1_2,2029,All,5.536,-0.722
2027_12_1_3,2020,All,0.181,0.044
2027_12_1_3,2021,All,0.411,-0.033
2027_12_1_3,2022,All,0.772,-0.178
2027_12_1_3,2023,All,1.269,-0.376
2027_12_1_3,2024,All,2.003,-0.556
2027_12_1_3,2025,All,2.947,-0.689
2027_12_1_3,2026,All,4.173,-0.782
2027_12_1_3,2027,All,5.594,-0.909
2027_12_1_3,2028,All,5.829,-0.87
2027_12_1_3,2029,All,6.091,-0.811
2027_12_2_1,2020,All,0.202,-0.013
2027_12_2_1,2021,All,0.441,-0.178
2027_12_2_1,2022,All,0.792,-0.446
2027_12_2_1,2023,All,1.3,-0.784
2027_12_2_1,2024,All,2.081,-1.072
2027_12_2_1,2025,All,3.08,-1.315
2027_12_2_1,2026,All,4.382,-1.528
2027_12_2_1,2027,All,5.913,-1.79
2027_12_2_1,2028,All,4.633,-1.606
2027_12_2_1,2029,All,3.582,-1.438
2027_12_2_2,2020,All,0.195,-0.02
2027_12_2_2,2021,All,0.424,-0.197
2027_12_2_2,2022,All,0.758,-0.483
2027_12_2_2,2023,All,1.242,-0.845
2027_12_2_2,2024,All,1.999,-1.157
2027_12_2_2,2025,All,2.972,-1.426
2027_12_2_2,2026,All,4.245,-1.668
2027_12_2_2,2027,All,5.74,-1.964
2027_12_2_2,2028,All,5.678,-1.893
2027_12_2_2,2029,All,5.651,-1.799
2027_12_2_3,2020,All,0.194,-0.022
2027_12_2_3,2021,All,0.42,-0.202
2027_12_2_3,2022,All,0.749,-0.492
2027_12_2_3,2023,All,1.228,-0.861
2027_12_2_3,2024,All,1.978,-1.179
2027_12_2_3,2025,All,2.945,-1.455
2027_12_2_3,2026,All,4.21,-1.704
2027_12_2_3,2027,All,5.696,-2.009
2027_12_2_3,2028,All,5.93,-1.981
2027_12_2_3,2029,All,6.195,-1.927
2027_13_0_1,2020,All,0.262,0.078
2027_13_0_1,2021,All,0.744,0.173
2027_13_0_1,2022,All,1.495,0.099
2027_13_0_1,2023,All,2.667,-0.102
2027_13_0_1,2024,All,4.514,-0.332
2027_13_0_1,2025,All,6.665,-0.478
2027_13_0_1,2026,All,9.172,-0.603
2027_13_0_1,2027,All,11.892,-0.688
2027_13_0_1,2028,All,9.651,-0.503
2027_13_0_1,2029,All,7.83,-0.304
2027_13_0_2,2020,All,0.259,0.076
2027_13_0_2,2021,All,0.735,0.164
2027_13_0_2,2022,All,1.473,0.076
2027_13_0_2,2023,All,2.623,-0.147
2027_13_0_2,2024,All,4.445,-0.403
2027_13_0_2,2025,All,6.562,-0.582
2027_13_0_2,2026,All,9.032,-0.744
2027_13_0_2,2027,All,11.712,-0.867
2027_13_0_2,2028,All,11.523,-0.786
2027_13_0_2,2029,All,11.39,-0.675
2027_13_0_3,2020,All,0.259,0.075
2027_13_0_3,2021,All,0.733,0.162
2027_13_0_3,2022,All,1.468,0.071
2027_13_0_3,2023,All,2.612,-0.158
2027_13_0_3,2024,All,4.428,-0.421
2027_13_0_3,2025,All,6.536,-0.608
2027_13_0_3,2026,All,8.996,-0.78
2027_13_0_3,2027,All,11.666,-0.912
2027_13_0_3,2028,All,11.996,-0.863
2027_13_0_3,2029,All,12.376,-0.774
2027_13_1_1,2020,All,0.263,0.042
2027_13_1_1,2021,All,0.724,0.07
2027_13_1_1,2022,All,1.433,-0.095
2027_13_1_1,2023,All,2.562,-0.387
2027_13_1_1,2024,All,4.381,-0.691
2027_13_1_1,2025,All,6.499,-0.912
2027_13_1_1,2026,All,8.972,-1.114
2027_13_1_1,2027,All,11.659,-1.272
2027_13_1_1,2028,All,9.431,-1.063
2027_13_1_1,2029,All,7.629,-0.834
2027_13_1_2,2020,All,0.259,0.038
2027_13_1_2,2021,All,0.712,0.057
2027_13_1_2,2022,All,1.404,-0.126
2027_13_1_2,2023,All,2.507,-0.444
2027_13_1_2,2024,All,4.299,-0.777
2027_13_1_2,2025,All,6.38,-1.034
2027_13_1_2,2026,All,8.812,-1.276
2027_13_1_2,2027,All,11.458,-1.474
2027_13_1_2,2028,All,11.266,-1.396
2027_13_1_2,2029,All,11.134,-1.285
2027_13_1_3,2020,All,0.258,0.037
2027_13_1_3,2021,All,0.709,0.053
2027_13_1_3,2022,All,1.396,-0.135
2027_13_1_3,2023,All,2.494,-0.459
2027_13_1_3,2024,All,4.278,-0.798
2027_13_1_3,2025,All,6.35,-1.066
2027_13_1_3,2026,All,8.772,-1.317
2027_13_1_3,2027,All,11.406,-1.525
2027_13_1_3,2028,All,11.729,-1.486
2027_13_1_3,2029,All,12.108,-1.401
2027_13_2_1,2020,All,0.281,-0.026
2027_13_2_1,2021,All,0.746,-0.108
2027_13_2_1,2022,All,1.433,-0.428
2027_13_2_1,2023,All,2.544,-0.91
2027_13_2_1,2024,All,4.391,-1.361
2027_13_2_1,2025,All,6.537,-1.753
2027_13_2_1,2026,All,9.055,-2.163
2027_13_2_1,2027,All,11.818,-2.541
2027_13_2_1,2028,All,9.579,-2.272
2027_13_2_1,2029,All,7.779,-1.97
2027_13_2_2,2020,All,0.275,-0.033
2027_13_2_2,2021,All,0.726,-0.129
2027_13_2_2,2022,All,1.39,-0.473
2027_13_2_2,2023,All,2.469,-0.988
2027_13_2_2,2024,All,4.282,-1.474
2027_13_2_2,2025,All,6.384,-1.908
2027_13_2_2,2026,All,8.853,-2.365
2027_13_2_2,2027,All,11.565,-2.793
2027_13_2_2,2028,All,11.365,-2.719
2027_13_2_2,2029,All,11.232,-2.602
2027_13_2_3,2020,All,0.273,-0.035
2027_13_2_3,2021,All,0.721,-0.135
2027_13_2_3,2022,All,1.38,-0.484
2027_13_2_3,2023,All,2.45,-1.008
2027_13_2_3,2024,All,4.254,-1.502
2027_13_2_3,2025,All,6.345,-1.947
2027_13_2_3,2026,All,8.802,-2.417
2027_13_2_3,2027,All,11.5,-2.857
2027_13_2_3,2028,All,11.816,-2.836
2027_13_2_3,2029,All,12.198,-2.758
2027_14_0_1,2020,All,0.342,0.082
2027_14_0_1,2021,All,1.114,0.183
2027_14_0_1,2022,All,2.437,0.038
2027_14_0_1,2023,All,4.649,-0.203
2027_14_0_1,2024,All,7.663,-0.603
2027_14_0_1,2025,All,11.386,-0.807
2027_14_0_1,2026,All,15.626,-1.227
2027_14_0_1,2027,All,20.619,-1.824
2027_14_0_1,2028,All,17.191,-1.264
2027_14_0_1,2029,All,14.339,-0.741
2027_14_0_2,2020,All,0.339,0.079
2027_14_0_2,2021,All,1.102,0.171
2027_14_0_2,2022,All,2.403,0.002
2027_14_0_2,2023,All,4.58,-0.275
2027_14_0_2,2024,All,7.546,-0.721
2027_14_0_2,2025,All,11.214,-0.979
2027_14_0_2,2026,All,15.38,-1.468
2027_14_0_2,2027,All,20.28,-2.154
2027_14_0_2,2028,All,19.963,-1.978
2027_14_0_2,2029,All,19.723,-1.776
2027_14_0_3,2020,All,0.339,0.078
2027_14_0_3,2021,All,1.099,0.168
2027_14_0_3,2022,All,2.395,-0.006
2027_14_0_3,2023,All,4.563,-0.292
2027_14_0_3,2024,All,7.517,-0.75
2027_14_0_3,2025,All,11.171,-1.021
2027_14_0_3,2026,All,15.32,-1.528
2027_14_0_3,2027,All,20.197,-2.235
2027_14_0_3,2028,All,20.631,-2.177
2027_14_0_3,2029,All,21.134,-2.073
2027_14_1_1,2020,All,0.343,0.041
2027_14_1_1,2021,All,1.092,0.066
2027_14_1_1,2022,All,2.366,-0.185
2027_14_1_1,2023,All,4.525,-0.532
2027_14_1_1,2024,All,7.498,-1.021
2027_14_1_1,2025,All,11.177,-1.317
2027_14_1_1,2026,All,15.37,-1.824
2027_14_1_1,2027,All,20.308,-2.52
2027_14_1_1,2028,All,16.903,-1.928
2027_14_1_1,2029,All,14.079,-1.367
2027_14_1_2,2020,All,0.339,0.035
2027_14_1_2,2021,All,1.076,0.049
2027_14_1_2,2022,All,2.323,-0.23
2027_14_1_2,2023,All,4.443,-0.617
2027_14_1_2,2024,All,7.366,-1.156
2027_14_1_2,2025,All,10.985,-1.509
2027_14_1_2,2026,All,15.103,-2.089
2027_14_1_2,2027,All,19.945,-2.876
2027_14_1_2,2028,All,19.626,-2.705
2027_14_1_2,2029,All,19.389,-2.5
2027_14_1_3,2020,All,0.338,0.034
2027_14_1_3,2021,All,1.072,0.045
2027_14_1_3,2022,All,2.313,-0.241
2027_14_1_3,2023,All,4.423,-0.637
2027_14_1_3,2024,All,7.333,-1.189
2027_14_1_3,2025,All,10.939,-1.556
2027_14_1_3,2026,All,15.037,-2.154
2027_14_1_3,2027,All,19.856,-2.964
2027_14_1_3,2028,All,20.281,-2.92
2027_14_1_3,2029,All,20.781,-2.822
2027_14_2_1,2020,All,0.366,-0.031
2027_14_2_1,2021,All,1.125,-0.121
2027_14_2_1,2022,All,2.374,-0.555
2027_14_2_1,2023,All,4.515,-1.11
2027_14_2_1,2024,All,7.502,-1.786
2027_14_2_1,2025,All,11.205,-2.3
2027_14_2_1,2026,All,15.443,-3.066
2027_14_2_1,2027,All,20.442,-4.057
2027_14_2_1,2028,All,17.042,-3.375
2027_14_2_1,2029,All,14.229,-2.72
2027_14_2_2,2020,All,0.359,-0.039
2027_14_2_2,2021,All,1.102,-0.147
2027_14_2_2,2022,All,2.316,-0.615
2027_14_2_2,2023,All,4.41,-1.218
2027_14_2_2,2024,All,7.339,-1.951
2027_14_2_2,2025,All,10.973,-2.531
2027_14_2_2,2026,All,15.124,-3.38
2027_14_2_2,2027,All,20.016,-4.473
2027_14_2_2,2028,All,19.692,-4.301
2027_14_2_2,2029,All,19.457,-4.087
2027_14_2_3,2020,All,0.357,-0.042
2027_14_2_3,2021,All,1.096,-0.153
2027_14_2_3,2022,All,2.302,-0.63
2027_14_2_3,2023,All,4.384,-1.244
2027_14_2_3,2024,All,7.299,-1.992
2027_14_2_3,2025,All,10.916,-2.587
2027_14_2_3,2026,All,15.046,-3.457
2027_14_2_3,2027,All,19.912,-4.575
2027_14_2_3,2028,All,20.326,-4.554
2027_14_2_3,2029,All,20.826,-4.469
2027_15_0_1,2020,All,0.459,0.085
2027_15_0_1,2021,All,1.629,0.154
2027_15_0_1,2022,All,3.861,-0.042
2027_15_0_1,2023,All,7.433,-0.482
2027_15_0_1,2024,All,12.375,-0.941
2027_15_0_1,2025,All,18.207,-1.764
2027_15_0_1,2026,All,25.133,-2.609
2027_15_0_1,2027,All,32.843,-3.648
2027_15_0_1,2028,All,27.577,-2.869
2027_15_0_1,2029,All,23.18,-2.1
2027_15_0_2,2020,All,0.455,0.081
2027_15_0_2,2021,All,1.613,0.137
2027_15_0_2,2022,All,3.814,-0.091
2027_15_0_2,2023,All,7.332,-0.584
2027_15_0_2,2024,All,12.208,-1.106
2027_15_0_2,2025,All,17.941,-2.024
2027_15_0_2,2026,All,24.752,-2.977
2027_15_0_2,2027,All,32.327,-4.141
2027_15_0_2,2028,All,31.662,-3.998
2027_15_0_2,2029,All,31.197,-3.758
2027_15_0_3,2020,All,0.455,0.08
2027_15_0_3,2021,All,1.609,0.133
2027_15_0_3,2022,All,3.802,-0.103
2027_15_0_3,2023,All,7.308,-0.609
2027_15_0_3,2024,All,12.168,-1.146
2027_15_0_3,2025,All,17.877,-2.087
2027_15_0_3,2026,All,24.66,-3.066
2027_15_0_3,2027,All,32.202,-4.261
2027_15_0_3,2028,All,32.648,-4.293
2027_15_0_3,2029,All,33.241,-4.235
2027_15_1_1,2020,All,0.46,0.037
2027_15_1_1,2021,All,1.603,0.021
2027_15_1_1,2022,All,3.776,-0.296
2027_15_1_1,2023,All,7.281,-0.86
2027_15_1_1,2024,All,12.17,-1.425
2027_15_1_1,2025,All,17.94,-2.355
2027_15_1_1,2026,All,24.795,-3.318
2027_15_1_1,2027,All,32.425,-4.483
2027_15_1_1,2028,All,27.191,-3.666
2027_15_1_1,2029,All,22.829,-2.852
2027_15_1_2,2020,All,0.454,0.032
2027_15_1_2,2021,All,1.583,-0.001
2027_15_1_2,2022,All,3.721,-0.354
2027_15_1_2,2023,All,7.167,-0.976
2027_15_1_2,2024,All,11.987,-1.607
2027_15_1_2,2025,All,17.656,-2.636
2027_15_1_2,2026,All,24.391,-3.71
2027_15_1_2,2027,All,31.883,-5.004
2027_15_1_2,2028,All,31.214,-4.867
2027_15_1_2,2029,All,30.753,-4.625
2027_15_1_3,2020,All,0.453,0.03
2027_15_1_3,2021,All,1.578,-0.006
2027_15_1_3,2022,All,3.707,-0.368
2027_15_1_3,2023,All,7.14,-1.004
2027_15_1_3,2024,All,11.943,-1.652
2027_15_1_3,2025,All,17.587,-2.704
2027_15_1_3,2026,All,24.294,-3.805
2027_15_1_3,2027,All,31.752,-5.13
2027_15_1_3,2028,All,32.185,-5.179
2027_15_1_3,2029,All,32.773,-5.131
2027_15_2_1,2020,All,0.485,-0.041
2027_15_2_1,2021,All,1.639,-0.185
2027_15_2_1,2022,All,3.783,-0.713
2027_15_2_1,2023,All,7.256,-1.516
2027_15_2_1,2024,All,12.155,-2.296
2027_15_2_1,2025,All,17.928,-3.518
2027_15_2_1,2026,All,24.794,-4.813
2027_15_2_1,2027,All,32.429,-6.357
2027_15_2_1,2028,All,27.229,-5.438
2027_15_2_1,2029,All,22.905,-4.509
2027_15_2_2,2020,All,0.477,-0.05
2027_15_2_2,2021,All,1.611,-0.215
2027_15_2_2,2022,All,3.712,-0.787
2027_15_2_2,2023,All,7.119,-1.655
2027_15_2_2,2024,All,11.941,-2.508
2027_15_2_2,2025,All,17.602,-3.838
2027_15_2_2,2026,All,24.338,-5.256
2027_15_2_2,2027,All,31.821,-6.94
2027_15_2_2,2028,All,31.139,-6.816
2027_15_2_2,2029,All,30.681,-6.567
2027_15_2_3,2020,All,0.475,-0.052
2027_15_2_3,2021,All,1.604,-0.222
2027_15_2_3,2022,All,3.695,-0.805
2027_15_2_3,2023,All,7.086,-1.689
2027_15_2_3,2024,All,11.89,-2.56
2027_15_2_3,2025,All,17.523,-3.915
2027_15_2_3,2026,All,24.227,-5.363
2027_15_2_3,2027,All,31.674,-7.081
2027_15_2_3,2028,All,32.079,-7.171
2027_15_2_3,2029,All,32.656,-7.146
rtw,2020,All,1.066,0.176
rtw,2021,All,3.957,0.161
rtw,2022,All,9.804,-0.63
rtw,2023,All,18.178,-3.063
rtw,2024,All,30.375,-5.844
rtw,2025,All,43.906,-8.805
rtw,2026,All,43.98,-9.562
rtw,2027,All,44.281,-10.103
rtw,2028,All,45.009,-10.378
rtw,2029,All,46.003,-10.428
rtw_ap,2020,All,0.829,0.156
rtw_ap,2021,All,2.639,0.194
rtw_ap,2022,All,6.068,-0.382
rtw_ap,2023,All,11.328,-1.777
rtw_ap,2024,All,18.344,-3.731
rtw_ap,2025,All,27.262,-5.534
rtw_ap,2026,All,37.404,-7.81
rtw_ap,2027,All,37.657,-8.381
rtw_ap,2028,All,38.226,-8.791
rtw_ap,2029,All,38.999,-8.763
