option,year,workforceAffected,wageIncrease
2025_10_0_1,2020,0.0024722068785673636,4.130578680632848
2025_10_0_1,2021,0.00302521590747485,6.536654799986682
2025_10_0_1,2022,0.004672000999177527,6.540300913399618
2025_10_0_1,2023,0.005559585243711035,7.7737504787731515
2025_10_0_1,2024,0.006866590338157918,8.285603726297271
2025_10_0_1,2025,0.010390954178542076,7.071467956814264
2025_10_0_1,2026,0.00643613534624076,7.554399665668266
2025_10_0_1,2027,0.0043785319092213126,7.391053320488386
2025_10_0_1,2028,0.003165823459858464,6.565498719196097
2025_10_0_1,2029,0.0020870982825191486,5.979635592719136
2025_10_0_2,2020,0.0024722068785673636,4.130578680632848
2025_10_0_2,2021,0.00302521590747485,6.536654799986682
2025_10_0_2,2022,0.004672000999177527,6.540300913399618
2025_10_0_2,2023,0.005559585243711035,7.7737504787731515
2025_10_0_2,2024,0.006866590338157918,8.285603726297271
2025_10_0_2,2025,0.010390954178542076,7.071467956814264
2025_10_0_2,2026,0.009741956723653843,6.951401230030891
2025_10_0_2,2027,0.008031885371874426,7.779749259390404
2025_10_0_2,2028,0.0076587974734371,7.592133078971597
2025_10_0_2,2029,0.007217473377272282,7.437845752113476
2025_10_0_3,2020,0.0024722068785673636,4.130578680632848
2025_10_0_3,2021,0.00302521590747485,6.536654799986682
2025_10_0_3,2022,0.004672000999177527,6.540300913399618
2025_10_0_3,2023,0.005559585243711035,7.7737504787731515
2025_10_0_3,2024,0.006866590338157918,8.285603726297271
2025_10_0_3,2025,0.010390954178542076,7.071467956814264
2025_10_0_3,2026,0.010399538972018535,7.104925494376529
2025_10_0_3,2027,0.010303530051211762,7.164575342651662
2025_10_0_3,2028,0.010132045628215175,7.307294839961705
2025_10_0_3,2029,0.010008134831304381,7.351224441099344
2025_10_1_1,2020,0.0033967709228492162,3.32161387984578
2025_10_1_1,2021,0.00403728741057649,5.5104716662696704
2025_10_1_1,2022,0.005788012945901287,5.946350622367536
2025_10_1_1,2023,0.006714969348025545,7.225092669675545
2025_10_1_1,2024,0.008128536345914884,7.8202841723904
2025_10_1_1,2025,0.011721390982604484,6.955585750161138
2025_10_1_1,2026,0.0077458010263717686,7.25812869965571
2025_10_1_1,2027,0.0056662126783320905,6.968572815221232
2025_10_1_1,2028,0.004429663144661806,6.19169214396999
2025_10_1_1,2029,0.0033072441850570317,5.628854038894293
2025_10_1_2,2020,0.0033967709228492162,3.32161387984578
2025_10_1_2,2021,0.00403728741057649,5.5104716662696704
2025_10_1_2,2022,0.005788012945901287,5.946350622367536
2025_10_1_2,2023,0.006714969348025545,7.225092669675545
2025_10_1_2,2024,0.008128536345914884,7.8202841723904
2025_10_1_2,2025,0.011721390982604484,6.955585750161138
2025_10_1_2,2026,0.011065521280746518,6.837284942774841
2025_10_1_2,2027,0.009349663346051654,7.521992619443836
2025_10_1_2,2028,0.0089688227997082,7.3462408273703685
2025_10_1_2,2029,0.0085083351802157,7.206076874945967
2025_10_1_3,2020,0.0033967709228492162,3.32161387984578
2025_10_1_3,2021,0.00403728741057649,5.5104716662696704
2025_10_1_3,2022,0.005788012945901287,5.946350622367536
2025_10_1_3,2023,0.006714969348025545,7.225092669675545
2025_10_1_3,2024,0.008128536345914884,7.8202841723904
2025_10_1_3,2025,0.011721390982604484,6.955585750161138
2025_10_1_3,2026,0.011724872168572759,6.986232385514665
2025_10_1_3,2027,0.01162613278229379,7.038330360755388
2025_10_1_3,2028,0.01145092646908917,7.162813354804474
2025_10_1_3,2029,0.011319964555583357,7.201159203832413
2025_10_2_1,2020,0.0036891097252979084,3.9716781254339875
2025_10_2_1,2021,0.004620803398482685,6.531323469386968
2025_10_2_1,2022,0.006697910639423585,7.158118259855602
2025_10_2_1,2023,0.00793900078658147,8.731945948073896
2025_10_2_1,2024,0.009608718508632763,9.557403575570602
2025_10_2_1,2025,0.013739842301915136,8.62052810635596
2025_10_2_1,2026,0.00957866147258151,9.479876698623142
2025_10_2_1,2027,0.0074498986746038155,9.650673069047828
2025_10_2_1,2028,0.006115327575189904,9.436772328493426
2025_10_2_1,2029,0.00470212903742431,9.986226754130147
2025_10_2_2,2020,0.0036891097252979084,3.9716781254339875
2025_10_2_2,2021,0.004620803398482685,6.531323469386968
2025_10_2_2,2022,0.006697910639423585,7.158118259855602
2025_10_2_2,2023,0.00793900078658147,8.731945948073896
2025_10_2_2,2024,0.009608718508632763,9.557403575570602
2025_10_2_2,2025,0.013739842301915136,8.62052810635596
2025_10_2_2,2026,0.013034797858720264,8.590820679543127
2025_10_2_2,2027,0.011183337076921875,9.488280659287092
2025_10_2_2,2028,0.010792829878620076,9.36957652522781
2025_10_2_2,2029,0.01032491134346611,9.293649386947553
2025_10_2_3,2020,0.0036891097252979084,3.9716781254339875
2025_10_2_3,2021,0.004620803398482685,6.531323469386968
2025_10_2_3,2022,0.006697910639423585,7.158118259855602
2025_10_2_3,2023,0.00793900078658147,8.731945948073896
2025_10_2_3,2024,0.009608718508632763,9.557403575570602
2025_10_2_3,2025,0.013739842301915136,8.62052810635596
2025_10_2_3,2026,0.013732505913952437,8.642513687875752
2025_10_2_3,2027,0.013623314676382803,8.696483255614167
2025_10_2_3,2028,0.0134342878976633,8.821789776679474
2025_10_2_3,2029,0.01328263710521671,8.869067292651762
2025_11_0_1,2020,0.0029574663289567084,5.461514442139502
2025_11_0_1,2021,0.0052248930296565485,7.1121930159417754
2025_11_0_1,2022,0.008084497359030952,8.015598437672901
2025_11_0_1,2023,0.01352288381615695,8.28658168260298
2025_11_0_1,2024,0.017213049727304044,9.6834060119292
2025_11_0_1,2025,0.021321420761728146,10.917871117163086
2025_11_0_1,2026,0.016936859959074062,10.121613764962103
2025_11_0_1,2027,0.013569229858458242,8.99485727258763
2025_11_0_1,2028,0.010583857340792138,7.987120835666541
2025_11_0_1,2029,0.007431899676087352,7.4972697023020185
2025_11_0_2,2020,0.0029574663289567084,5.461514442139502
2025_11_0_2,2021,0.0052248930296565485,7.1121930159417754
2025_11_0_2,2022,0.008084497359030952,8.015598437672901
2025_11_0_2,2023,0.01352288381615695,8.28658168260298
2025_11_0_2,2024,0.017213049727304044,9.6834060119292
2025_11_0_2,2025,0.021321420761728146,10.917871117163086
2025_11_0_2,2026,0.020236624756398078,10.80493342177606
2025_11_0_2,2027,0.01930980955620109,10.619191639614659
2025_11_0_2,2028,0.01838780426005397,10.488630927851027
2025_11_0_2,2029,0.017435999860831036,10.346500645761516
2025_11_0_3,2020,0.0029574663289567084,5.461514442139502
2025_11_0_3,2021,0.0052248930296565485,7.1121930159417754
2025_11_0_3,2022,0.008084497359030952,8.015598437672901
2025_11_0_3,2023,0.01352288381615695,8.28658168260298
2025_11_0_3,2024,0.017213049727304044,9.6834060119292
2025_11_0_3,2025,0.021321420761728146,10.917871117163086
2025_11_0_3,2026,0.020752343977773657,11.161967965977745
2025_11_0_3,2027,0.021145003001985633,10.86668032955492
2025_11_0_3,2028,0.020644974482381534,11.073325436073926
2025_11_0_3,2029,0.020913031802869193,10.826924232071487
2025_11_1_1,2020,0.003930240811457233,4.450764585966999
2025_11_1_1,2021,0.006266035745619053,6.410236070206748
2025_11_1_1,2022,0.00920489884447197,7.547615934389371
2025_11_1_1,2023,0.014772145833343998,8.014921126867822
2025_11_1_1,2024,0.01853567387007523,9.42528077346528
2025_11_1_1,2025,0.022702940953083287,10.67700747378251
2025_11_1_1,2026,0.01834916752302915,9.83915710839375
2025_11_1_1,2027,0.014939512191085866,8.745752222590998
2025_11_1_1,2028,0.011910531085025948,7.779811004134579
2025_11_1_1,2029,0.0087258154878587,7.2640352053729025
2025_11_1_2,2020,0.003930240811457233,4.450764585966999
2025_11_1_2,2021,0.006266035745619053,6.410236070206748
2025_11_1_2,2022,0.00920489884447197,7.547615934389371
2025_11_1_2,2023,0.014772145833343998,8.014921126867822
2025_11_1_2,2024,0.01853567387007523,9.42528077346528
2025_11_1_2,2025,0.022702940953083287,10.67700747378251
2025_11_1_2,2026,0.021620426270208767,10.552694534527026
2025_11_1_2,2027,0.020703920257260283,10.35787385009658
2025_11_1_2,2028,0.019789946138978057,10.214180808857712
2025_11_1_2,2029,0.018831784109581366,10.064969026438328
2025_11_1_3,2020,0.003930240811457233,4.450764585966999
2025_11_1_3,2021,0.006266035745619053,6.410236070206748
2025_11_1_3,2022,0.00920489884447197,7.547615934389371
2025_11_1_3,2023,0.014772145833343998,8.014921126867822
2025_11_1_3,2024,0.01853567387007523,9.42528077346528
2025_11_1_3,2025,0.022702940953083287,10.67700747378251
2025_11_1_3,2026,0.02212836060212544,10.900903015325744
2025_11_1_3,2027,0.022515098592776398,10.630068418127614
2025_11_1_3,2028,0.02201348518489363,10.817841718155298
2025_11_1_3,2029,0.022292291517620293,10.582310355633629
2025_11_2_1,2020,0.0042133483279229,5.073485823817663
2025_11_2_1,2021,0.006852847238397897,7.225954059955124
2025_11_2_1,2022,0.010290582250206936,8.337115056007802
2025_11_2_1,2023,0.016061992379675875,8.903288695654425
2025_11_2_1,2024,0.02025807233149937,10.299632776565272
2025_11_2_1,2025,0.025357630075378973,11.361410391991841
2025_11_2_1,2026,0.02091618442470524,10.670595958899211
2025_11_2_1,2027,0.01715431504426785,9.937390705732396
2025_11_2_1,2028,0.013935368294136483,9.321635693090984
2025_11_2_1,2029,0.010550579187499076,9.309621849008582
2025_11_2_2,2020,0.0042133483279229,5.073485823817663
2025_11_2_2,2021,0.006852847238397897,7.225954059955124
2025_11_2_2,2022,0.010290582250206936,8.337115056007802
2025_11_2_2,2023,0.016061992379675875,8.903288695654425
2025_11_2_2,2024,0.02025807233149937,10.299632776565272
2025_11_2_2,2025,0.025357630075378973,11.361410391991841
2025_11_2_2,2026,0.024195720467857437,11.285837987425658
2025_11_2_2,2027,0.023264836918091815,11.116743940853185
2025_11_2_2,2028,0.022326028799563306,11.00001719032756
2025_11_2_2,2029,0.021350913284225483,10.875843730876179
2025_11_2_3,2020,0.0042133483279229,5.073485823817663
2025_11_2_3,2021,0.006852847238397897,7.225954059955124
2025_11_2_3,2022,0.010290582250206936,8.337115056007802
2025_11_2_3,2023,0.016061992379675875,8.903288695654425
2025_11_2_3,2024,0.02025807233149937,10.299632776565272
2025_11_2_3,2025,0.025357630075378973,11.361410391991841
2025_11_2_3,2026,0.02470242607413889,11.605389698238135
2025_11_2_3,2027,0.02513755237427676,11.321320730493428
2025_11_2_3,2028,0.0246141682128517,11.50416348247358
2025_11_2_3,2029,0.02486623295076298,11.286099287547167
2025_12_0_1,2020,0.0038648863918654642,6.1037188078583275
2025_12_0_1,2021,0.00739347819629522,8.510423844990168
2025_12_0_1,2022,0.01524397179734827,9.135434843961173
2025_12_0_1,2023,0.022180523139208784,10.873858566416729
2025_12_0_1,2024,0.03123570484064895,11.9589650192343
2025_12_0_1,2025,0.03676003817946894,14.288180066133902
2025_12_0_1,2026,0.032114254877586346,12.705481503980923
2025_12_0_1,2027,0.026927898309150225,11.487174190200427
2025_12_0_1,2028,0.020696144379255467,11.168665073197225
2025_12_0_1,2029,0.016604150636232728,10.222770932417841
2025_12_0_2,2020,0.0038648863918654642,6.1037188078583275
2025_12_0_2,2021,0.00739347819629522,8.510423844990168
2025_12_0_2,2022,0.01524397179734827,9.135434843961173
2025_12_0_2,2023,0.022180523139208784,10.873858566416729
2025_12_0_2,2024,0.03123570484064895,11.9589650192343
2025_12_0_2,2025,0.03676003817946894,14.288180066133902
2025_12_0_2,2026,0.035672893653049424,13.937545987432522
2025_12_0_2,2027,0.03459236432220061,13.582470577136217
2025_12_0_2,2028,0.033374152333868104,13.324930413781194
2025_12_0_2,2029,0.03160955979265125,13.30159699123424
2025_12_0_3,2020,0.0038648863918654642,6.1037188078583275
2025_12_0_3,2021,0.00739347819629522,8.510423844990168
2025_12_0_3,2022,0.01524397179734827,9.135434843961173
2025_12_0_3,2023,0.022180523139208784,10.873858566416729
2025_12_0_3,2024,0.03123570484064895,11.9589650192343
2025_12_0_3,2025,0.03676003817946894,14.288180066133902
2025_12_0_3,2026,0.03634775481592308,14.323379960823207
2025_12_0_3,2027,0.036698286145117866,14.021142581411004
2025_12_0_3,2028,0.0358285179061312,14.22670942188745
2025_12_0_3,2029,0.0366510380206713,13.751432967014903
2025_12_1_1,2020,0.004829068271292194,5.222485819633953
2025_12_1_1,2021,0.008484460625303543,7.834025690905113
2025_12_1_1,2022,0.016428700599669336,8.807699699111186
2025_12_1_1,2023,0.023444105978629583,10.604117493844722
2025_12_1_1,2024,0.032570039024785065,11.75359552167843
2025_12_1_1,2025,0.03810532196900834,14.070044292618439
2025_12_1_1,2026,0.03346707157352207,12.504630318149703
2025_12_1_1,2027,0.028292761503222894,11.28718357921813
2025_12_1_1,2028,0.022064655081767564,10.908596034607262
2025_12_1_1,2029,0.017993048722927885,9.936293779623895
2025_12_1_2,2020,0.004829068271292194,5.222485819633953
2025_12_1_2,2021,0.008484460625303543,7.834025690905113
2025_12_1_2,2022,0.016428700599669336,8.807699699111186
2025_12_1_2,2023,0.023444105978629583,10.604117493844722
2025_12_1_2,2024,0.032570039024785065,11.75359552167843
2025_12_1_2,2025,0.03810532196900834,14.070044292618439
2025_12_1_2,2026,0.03701408068527162,13.724094277254466
2025_12_1_2,2027,0.03593406028767157,13.372873400169842
2025_12_1_2,2028,0.034713290357172036,13.115788510848995
2025_12_1_2,2029,0.032942572830272264,13.080659463189477
2025_12_1_3,2020,0.004829068271292194,5.222485819633953
2025_12_1_3,2021,0.008484460625303543,7.834025690905113
2025_12_1_3,2022,0.016428700599669336,8.807699699111186
2025_12_1_3,2023,0.023444105978629583,10.604117493844722
2025_12_1_3,2024,0.032570039024785065,11.75359552167843
2025_12_1_3,2025,0.03810532196900834,14.070044292618439
2025_12_1_3,2026,0.03768894184814528,14.102223173515462
2025_12_1_3,2027,0.03803780375412717,13.812695982401673
2025_12_1_3,2028,0.037164428062173474,14.006465781392201
2025_12_1_3,2029,0.03799769331329895,13.547359240603871
2025_12_2_1,2020,0.005185605573713277,5.711727607961198
2025_12_2_1,2021,0.009011789699062037,8.549279926454552
2025_12_2_1,2022,0.01755943105280972,9.320500133331892
2025_12_2_1,2023,0.024915542778975064,11.120255184552313
2025_12_2_1,2024,0.0348440291493099,12.131450825423073
2025_12_2_1,2025,0.04107345971944324,14.380559686959215
2025_12_2_1,2026,0.036431955855179665,12.896921844629066
2025_12_2_1,2027,0.0311639286820261,11.793757045627574
2025_12_2_1,2028,0.02466470840414759,11.588610674106775
2025_12_2_1,2029,0.020477906897775622,10.787279873318852
2025_12_2_2,2020,0.005185605573713277,5.711727607961198
2025_12_2_2,2021,0.009011789699062037,8.549279926454552
2025_12_2_2,2022,0.01755943105280972,9.320500133331892
2025_12_2_2,2023,0.024915542778975064,11.120255184552313
2025_12_2_2,2024,0.0348440291493099,12.131450825423073
2025_12_2_2,2025,0.04107345971944324,14.380559686959215
2025_12_2_2,2026,0.039966288006264575,14.05245382519857
2025_12_2_2,2027,0.038875051675831315,13.71999373945682
2025_12_2_2,2028,0.03763517242471555,13.478795158287305
2025_12_2_2,2029,0.035832104438159186,13.452083023837227
2025_12_2_3,2020,0.005185605573713277,5.711727607961198
2025_12_2_3,2021,0.009011789699062037,8.549279926454552
2025_12_2_3,2022,0.01755943105280972,9.320500133331892
2025_12_2_3,2023,0.024915542778975064,11.120255184552313
2025_12_2_3,2024,0.0348440291493099,12.131450825423073
2025_12_2_3,2025,0.04107345971944324,14.380559686959215
2025_12_2_3,2026,0.04063456506094956,14.413674202126552
2025_12_2_3,2027,0.04100379433908903,14.128131751335122
2025_12_2_3,2028,0.040103822400188206,14.316131096517726
2025_12_2_3,2029,0.04102150063863237,13.845628026789571
2025_13_0_1,2020,0.005266537109371319,6.534790270423185
2025_13_0_1,2021,0.014224659578840912,7.76478138098147
2025_13_0_1,2022,0.021936151076764915,11.21594634917557
2025_13_0_1,2023,0.034322177866494843,13.006421148212848
2025_13_0_1,2024,0.046800658944863655,14.645064951548612
2025_13_0_1,2025,0.06788621346295716,14.796768149654735
2025_13_0_1,2026,0.059237230728140265,13.307540159279986
2025_13_0_1,2027,0.043038963496818634,14.315747603361473
2025_13_0_1,2028,0.03519572467303327,13.80708216097964
2025_13_0_1,2029,0.029883821371307843,12.598251694276755
2025_13_0_2,2020,0.005266537109371319,6.534790270423185
2025_13_0_2,2021,0.014224659578840912,7.76478138098147
2025_13_0_2,2022,0.021936151076764915,11.21594634917557
2025_13_0_2,2023,0.034322177866494843,13.006421148212848
2025_13_0_2,2024,0.046800658944863655,14.645064951548612
2025_13_0_2,2025,0.06788621346295716,14.796768149654735
2025_13_0_2,2026,0.06520856931354568,14.607298150935737
2025_13_0_2,2027,0.06297328903576709,14.33374585337655
2025_13_0_2,2028,0.05984929578820905,14.32004752314403
2025_13_0_2,2029,0.05791796092982946,14.059841975488716
2025_13_0_3,2020,0.005266537109371319,6.534790270423185
2025_13_0_3,2021,0.014224659578840912,7.76478138098147
2025_13_0_3,2022,0.021936151076764915,11.21594634917557
2025_13_0_3,2023,0.034322177866494843,13.006421148212848
2025_13_0_3,2024,0.046800658944863655,14.645064951548612
2025_13_0_3,2025,0.06788621346295716,14.796768149654735
2025_13_0_3,2026,0.0670900626760011,14.84226050599536
2025_13_0_3,2027,0.06566646380411911,14.99396118327126
2025_13_0_3,2028,0.06472211562462761,15.067810711012488
2025_13_0_3,2029,0.06384807890756274,15.12509121108854
2025_13_1_1,2020,0.006232782409634016,5.829518755546129
2025_13_1_1,2021,0.0153202298348728,7.476021652674403
2025_13_1_1,2022,0.023121410162470813,10.912850790285185
2025_13_1_1,2023,0.03557018343404697,12.783793210543466
2025_13_1_1,2024,0.04808427397294687,14.466424085709454
2025_13_1_1,2025,0.06937410831355531,14.650470896078584
2025_13_1_1,2026,0.060674401601299506,13.182008099146783
2025_13_1_1,2027,0.04439551063241704,14.129669110850227
2025_13_1_1,2028,0.03653163482907556,13.596039572464226
2025_13_1_1,2029,0.031212387733303672,12.391414526160023
2025_13_1_2,2020,0.006232782409634016,5.829518755546129
2025_13_1_2,2021,0.0153202298348728,7.476021652674403
2025_13_1_2,2022,0.023121410162470813,10.912850790285185
2025_13_1_2,2023,0.03557018343404697,12.783793210543466
2025_13_1_2,2024,0.04808427397294687,14.466424085709454
2025_13_1_2,2025,0.06937410831355531,14.650470896078584
2025_13_1_2,2026,0.06663608796110937,14.470915957934226
2025_13_1_2,2027,0.06440989537258493,14.195526525187818
2025_13_1_2,2028,0.061287800550832376,14.173410490256066
2025_13_1_2,2029,0.05935141855386208,13.914245614032758
2025_13_1_3,2020,0.006232782409634016,5.829518755546129
2025_13_1_3,2021,0.0153202298348728,7.476021652674403
2025_13_1_3,2022,0.023121410162470813,10.912850790285185
2025_13_1_3,2023,0.03557018343404697,12.783793210543466
2025_13_1_3,2024,0.04808427397294687,14.466424085709454
2025_13_1_3,2025,0.06937410831355531,14.650470896078584
2025_13_1_3,2026,0.06856299208443159,14.69597670663139
2025_13_1_3,2027,0.06714410357299173,14.840054448793516
2025_13_1_3,2028,0.06619251918208559,14.911488645534227
2025_13_1_3,2029,0.06530551810625423,14.967800941731515
2025_13_2_1,2020,0.006632967448471329,6.211317811223354
2025_13_2_1,2021,0.01611370594505943,7.84727317733327
2025_13_2_1,2022,0.024381353099145336,11.228637668026725
2025_13_2_1,2023,0.03717785456822198,13.098721556296336
2025_13_2_1,2024,0.05073493061382062,14.616923976055176
2025_13_2_1,2025,0.07292761957219528,14.801787181430422
2025_13_2_1,2026,0.06409097673458217,13.409337077049074
2025_13_2_1,2027,0.047574414341591736,14.366756756021537
2025_13_2_1,2028,0.03947142789056556,13.926694779528107
2025_13_2_1,2029,0.03410611143427512,12.80256323989107
2025_13_2_2,2020,0.006632967448471329,6.211317811223354
2025_13_2_2,2021,0.01611370594505943,7.84727317733327
2025_13_2_2,2022,0.024381353099145336,11.228637668026725
2025_13_2_2,2023,0.03717785456822198,13.098721556296336
2025_13_2_2,2024,0.05073493061382062,14.616923976055176
2025_13_2_2,2025,0.07292761957219528,14.801787181430422
2025_13_2_2,2026,0.07015953318711989,14.629368150063167
2025_13_2_2,2027,0.06787952171017705,14.371469630180115
2025_13_2_2,2028,0.06466896567598321,14.364447228029661
2025_13_2_2,2029,0.06268840513123186,14.119744468342196
2025_13_2_3,2020,0.006632967448471329,6.211317811223354
2025_13_2_3,2021,0.01611370594505943,7.84727317733327
2025_13_2_3,2022,0.024381353099145336,11.228637668026725
2025_13_2_3,2023,0.03717785456822198,13.098721556296336
2025_13_2_3,2024,0.05073493061382062,14.616923976055176
2025_13_2_3,2025,0.07292761957219528,14.801787181430422
2025_13_2_3,2026,0.07213821389259358,14.837181669402073
2025_13_2_3,2027,0.07069463312476575,14.977423780412124
2025_13_2_3,2028,0.06971063430434334,15.04924264372837
2025_13_2_3,2029,0.06884333356519581,15.094197032365367
2025_14_0_1,2020,0.006163913946746245,7.485135086124515
2025_14_0_1,2021,0.018485893128663687,9.16868471391394
2025_14_0_1,2022,0.032602059095729684,12.004835575865465
2025_14_0_1,2023,0.05361095128451331,13.073851842759774
2025_14_0_1,2024,0.07282561457019632,15.870549709777913
2025_14_0_1,2025,0.09634008135500119,17.633410070309697
2025_14_0_1,2026,0.08131386191989605,16.995321895251042
2025_14_0_1,2027,0.07027351050342157,15.889716854669611
2025_14_0_1,2028,0.06178283369639256,14.403108530796063
2025_14_0_1,2029,0.05235868230173346,13.323882435017945
2025_14_0_2,2020,0.006163913946746245,7.485135086124515
2025_14_0_2,2021,0.018485893128663687,9.16868471391394
2025_14_0_2,2022,0.032602059095729684,12.004835575865465
2025_14_0_2,2023,0.05361095128451331,13.073851842759774
2025_14_0_2,2024,0.07282561457019632,15.870549709777913
2025_14_0_2,2025,0.09634008135500119,17.633410070309697
2025_14_0_2,2026,0.09254024708553937,17.514168224309415
2025_14_0_2,2027,0.08909148714560183,17.35427401129436
2025_14_0_2,2028,0.086993514579668,16.97815711556145
2025_14_0_2,2029,0.08439490217130007,16.726073972467194
2025_14_0_3,2020,0.006163913946746245,7.485135086124515
2025_14_0_3,2021,0.018485893128663687,9.16868471391394
2025_14_0_3,2022,0.032602059095729684,12.004835575865465
2025_14_0_3,2023,0.05361095128451331,13.073851842759774
2025_14_0_3,2024,0.07282561457019632,15.870549709777913
2025_14_0_3,2025,0.09634008135500119,17.633410070309697
2025_14_0_3,2026,0.0947478803475657,17.772076768960794
2025_14_0_3,2027,0.0926349869157618,17.98009936458651
2025_14_0_3,2028,0.09146619383152908,18.038504061812162
2025_14_0_3,2029,0.09079723376451321,18.007432400882358
2025_14_1_1,2020,0.0071184456671796485,6.787846733191588
2025_14_1_1,2021,0.019601021998665834,8.88341030371673
2025_14_1_1,2022,0.033804414734240146,11.7856612893264
2025_14_1_1,2023,0.054885861369484416,12.93680867610697
2025_14_1_1,2024,0.07421194273921682,15.722331685229697
2025_14_1_1,2025,0.09787805985906506,17.48609388838516
2025_14_1_1,2026,0.08280377695969629,16.839017491482107
2025_14_1_1,2027,0.07176211062960657,15.727818422327836
2025_14_1_1,2028,0.06321809825222675,14.260650491009633
2025_14_1_1,2029,0.05380444828211278,13.175781481382856
2025_14_1_2,2020,0.0071184456671796485,6.787846733191588
2025_14_1_2,2021,0.019601021998665834,8.88341030371673
2025_14_1_2,2022,0.033804414734240146,11.7856612893264
2025_14_1_2,2023,0.054885861369484416,12.93680867610697
2025_14_1_2,2024,0.07421194273921682,15.722331685229697
2025_14_1_2,2025,0.09787805985906506,17.48609388838516
2025_14_1_2,2026,0.09407820497546697,17.361760196366887
2025_14_1_2,2027,0.09063415789208833,17.197135632420814
2025_14_1_2,2028,0.08853033884482617,16.824234299672977
2025_14_1_2,2029,0.08584785902584426,16.587205872156506
2025_14_1_3,2020,0.0071184456671796485,6.787846733191588
2025_14_1_3,2021,0.019601021998665834,8.88341030371673
2025_14_1_3,2022,0.033804414734240146,11.7856612893264
2025_14_1_3,2023,0.054885861369484416,12.93680867610697
2025_14_1_3,2024,0.07421194273921682,15.722331685229697
2025_14_1_3,2025,0.09787805985906506,17.48609388838516
2025_14_1_3,2026,0.09626994673230975,17.622438323086147
2025_14_1_3,2027,0.09415300990523523,17.82418002908346
2025_14_1_3,2028,0.0929735014354055,17.88141893948734
2025_14_1_3,2029,0.09229836505235331,17.850318416820283
2025_14_2_1,2020,0.007527399062812346,7.141321848758367
2025_14_2_1,2021,0.020589075081809148,9.114418353790905
2025_14_2_1,2022,0.03506310531607548,12.046527388057894
2025_14_2_1,2023,0.05687447938581927,13.119767337058047
2025_14_2_1,2024,0.076977581004587,15.830341644245344
2025_14_2_1,2025,0.10134219261687541,17.587833169390038
2025_14_2_1,2026,0.08634674696707467,16.93220478963237
2025_14_2_1,2027,0.07531323002646752,15.839853390378998
2025_14_2_1,2028,0.0666561894073437,14.436953900256304
2025_14_2_1,2029,0.05707336486606365,13.425542830281065
2025_14_2_2,2020,0.007527399062812346,7.141321848758367
2025_14_2_2,2021,0.020589075081809148,9.114418353790905
2025_14_2_2,2022,0.03506310531607548,12.046527388057894
2025_14_2_2,2023,0.05687447938581927,13.119767337058047
2025_14_2_2,2024,0.076977581004587,15.830341644245344
2025_14_2_2,2025,0.10134219261687541,17.587833169390038
2025_14_2_2,2026,0.09751223145981235,17.46739294501273
2025_14_2_2,2027,0.09403148056648304,17.310319557476546
2025_14_2_2,2028,0.09194266227046144,16.94099625056431
2025_14_2_2,2029,0.08934130083291017,16.690276221015488
2025_14_2_3,2020,0.007527399062812346,7.141321848758367
2025_14_2_3,2021,0.020589075081809148,9.114418353790905
2025_14_2_3,2022,0.03506310531607548,12.046527388057894
2025_14_2_3,2023,0.05687447938581927,13.119767337058047
2025_14_2_3,2024,0.076977581004587,15.830341644245344
2025_14_2_3,2025,0.10134219261687541,17.587833169390038
2025_14_2_3,2026,0.09969313984550626,17.723724374087155
2025_14_2_3,2027,0.09748316359127535,17.933744966158987
2025_14_2_3,2028,0.09628251033076018,17.990359498214886
2025_14_2_3,2029,0.09564110035580645,17.94931379065415
2025_15_0_1,2020,0.007505246384087925,8.025187164806496
2025_15_0_1,2021,0.021424728201223507,11.532839510560809
2025_15_0_1,2022,0.03992460803243588,14.645315633178168
2025_15_0_1,2023,0.07277397346653523,15.325815126366642
2025_15_0_1,2024,0.09974058598801092,18.0310625636813
2025_15_0_1,2025,0.12413200183959157,20.85540820322466
2025_15_0_1,2026,0.10844699427690946,19.98742440684634
2025_15_0_1,2027,0.0969357469362451,18.527106057665765
2025_15_0_1,2028,0.08691081625951284,16.945559088306894
2025_15_0_1,2029,0.07402737264177042,16.118826884791954
2025_15_0_2,2020,0.007505246384087925,8.025187164806496
2025_15_0_2,2021,0.021424728201223507,11.532839510560809
2025_15_0_2,2022,0.03992460803243588,14.645315633178168
2025_15_0_2,2023,0.07277397346653523,15.325815126366642
2025_15_0_2,2024,0.09974058598801092,18.0310625636813
2025_15_0_2,2025,0.12413200183959157,20.85540820322466
2025_15_0_2,2026,0.12007062562543697,20.671058274305558
2025_15_0_2,2027,0.11371506267488216,20.91030522410728
2025_15_0_2,2028,0.11166294825534498,20.426633467240745
2025_15_0_2,2029,0.10821087617721112,20.238278209868923
2025_15_0_3,2020,0.007505246384087925,8.025187164806496
2025_15_0_3,2021,0.021424728201223507,11.532839510560809
2025_15_0_3,2022,0.03992460803243588,14.645315633178168
2025_15_0_3,2023,0.07277397346653523,15.325815126366642
2025_15_0_3,2024,0.09974058598801092,18.0310625636813
2025_15_0_3,2025,0.12413200183959157,20.85540820322466
2025_15_0_3,2026,0.12303761873446319,20.852750254993065
2025_15_0_3,2027,0.12171505279988351,20.845403433397102
2025_15_0_3,2028,0.1215888782796488,20.653745021441573
2025_15_0_3,2029,0.120897513939105,20.575683216490447
2025_15_1_1,2020,0.008473752733618393,7.393553012905871
2025_15_1_1,2021,0.02256822281181447,11.179544814853015
2025_15_1_1,2022,0.04114958369294192,14.39458892912511
2025_15_1_1,2023,0.0739993797595234,15.20389931376638
2025_15_1_1,2024,0.10121152902986098,17.883413255941655
2025_15_1_1,2025,0.12555923270008118,20.72145318831062
2025_15_1_1,2026,0.10989365100256912,19.841290445571442
2025_15_1_1,2027,0.09842647661953956,18.375410370058397
2025_15_1_1,2028,0.08844764052467101,16.79201847225164
2025_15_1_1,2029,0.07552291580921397,15.960131768591141
2025_15_1_2,2020,0.008473752733618393,7.393553012905871
2025_15_1_2,2021,0.02256822281181447,11.179544814853015
2025_15_1_2,2022,0.04114958369294192,14.39458892912511
2025_15_1_2,2023,0.0739993797595234,15.20389931376638
2025_15_1_2,2024,0.10121152902986098,17.883413255941655
2025_15_1_2,2025,0.12555923270008118,20.72145318831062
2025_15_1_2,2026,0.1214669601175889,20.53948539226543
2025_15_1_2,2027,0.11510580865462489,20.76929438025575
2025_15_1_2,2028,0.11308191152759087,20.283563079143846
2025_15_1_2,2029,0.10963026891842143,20.09237862107931
2025_15_1_3,2020,0.008473752733618393,7.393553012905871
2025_15_1_3,2021,0.02256822281181447,11.179544814853015
2025_15_1_3,2022,0.04114958369294192,14.39458892912511
2025_15_1_3,2023,0.0739993797595234,15.20389931376638
2025_15_1_3,2024,0.10121152902986098,17.883413255941655
2025_15_1_3,2025,0.12555923270008118,20.72145318831062
2025_15_1_3,2026,0.12444218410087576,20.720980303022532
2025_15_1_3,2027,0.1231138536153715,20.713052287591385
2025_15_1_3,2028,0.12298977691832487,20.52284764105846
2025_15_1_3,2029,0.12228992193241663,20.4457882396802
2025_15_2_1,2020,0.008939594786969424,7.679921443444234
2025_15_2_1,2021,0.02352511679185485,11.361949277308169
2025_15_2_1,2022,0.04250668259832109,14.556325277450233
2025_15_2_1,2023,0.07629339320200032,15.273826733857382
2025_15_2_1,2024,0.10408251292722809,17.943292457628566
2025_15_2_1,2025,0.12922411907053824,20.72489600954493
2025_15_2_1,2026,0.11339485849649796,19.878280833230907
2025_15_2_1,2027,0.10176024802826215,18.47085535084601
2025_15_2_1,2028,0.09185996395030627,16.909656947011722
2025_15_2_1,2029,0.07899072481518236,16.08023325221121
2025_15_2_2,2020,0.008939594786969424,7.679921443444234
2025_15_2_2,2021,0.02352511679185485,11.361949277308169
2025_15_2_2,2022,0.04250668259832109,14.556325277450233
2025_15_2_2,2023,0.07629339320200032,15.273826733857382
2025_15_2_2,2024,0.10408251292722809,17.943292457628566
2025_15_2_2,2025,0.12922411907053824,20.72489600954493
2025_15_2_2,2026,0.12506968989711784,20.55089479021831
2025_15_2_2,2027,0.118624626991332,20.781987438823233
2025_15_2_2,2028,0.11662206832048674,20.300064584819317
2025_15_2_2,2029,0.11312053099334081,20.115836585179906
2025_15_2_3,2020,0.008939594786969424,7.679921443444234
2025_15_2_3,2021,0.02352511679185485,11.361949277308169
2025_15_2_3,2022,0.04250668259832109,14.556325277450233
2025_15_2_3,2023,0.07629339320200032,15.273826733857382
2025_15_2_3,2024,0.10408251292722809,17.943292457628566
2025_15_2_3,2025,0.12922411907053824,20.72489600954493
2025_15_2_3,2026,0.12807572770072972,20.725451868091632
2025_15_2_3,2027,0.1267087341599622,20.72059652949027
2025_15_2_3,2028,0.12664220605484924,20.523035487912136
2025_15_2_3,2029,0.12593575652225386,20.445099871896833
2026_10_0_1,2020,0.0022061127795327752,3.6219362027309954
2026_10_0_1,2021,0.0026934113526187126,5.383723275972786
2026_10_0_1,2022,0.0030090832914829186,6.777146033363105
2026_10_0_1,2023,0.004364234911950652,6.17248253299875
2026_10_0_1,2024,0.004768573896765168,7.139909165616482
2026_10_0_1,2025,0.005049556970289073,8.046370404463861
2026_10_0_1,2026,0.00643613534624076,7.554399665668266
2026_10_0_1,2027,0.0043785319092213126,7.391053320488386
2026_10_0_1,2028,0.003165823459858464,6.565498719196097
2026_10_0_1,2029,0.0020870982825191486,5.979635592719136
2026_10_0_2,2020,0.0022061127795327752,3.6219362027309954
2026_10_0_2,2021,0.0026934113526187126,5.383723275972786
2026_10_0_2,2022,0.0030090832914829186,6.777146033363105
2026_10_0_2,2023,0.004364234911950652,6.17248253299875
2026_10_0_2,2024,0.004768573896765168,7.139909165616482
2026_10_0_2,2025,0.005049556970289073,8.046370404463861
2026_10_0_2,2026,0.00643613534624076,7.554399665668266
2026_10_0_2,2027,0.005926157106023716,7.560577120011372
2026_10_0_2,2028,0.005493070226526599,7.556684979869348
2026_10_0_2,2029,0.005076587022339207,7.485199628720092
2026_10_0_3,2020,0.0022061127795327752,3.6219362027309954
2026_10_0_3,2021,0.0026934113526187126,5.383723275972786
2026_10_0_3,2022,0.0030090832914829186,6.777146033363105
2026_10_0_3,2023,0.004364234911950652,6.17248253299875
2026_10_0_3,2024,0.004768573896765168,7.139909165616482
2026_10_0_3,2025,0.005049556970289073,8.046370404463861
2026_10_0_3,2026,0.00643613534624076,7.554399665668266
2026_10_0_3,2027,0.006648070940677175,7.300286829980773
2026_10_0_3,2028,0.006477478547629255,7.526561809893678
2026_10_0_3,2029,0.006453453591720368,7.5028717370084665
2026_10_1_1,2020,0.003131688866964506,2.8184812269661013
2026_10_1_1,2021,0.003674666844439013,4.482945076587919
2026_10_1_1,2022,0.004065593513278229,5.78493530347683
2026_10_1_1,2023,0.005488767339797101,5.690733979908884
2026_10_1_1,2024,0.005934883727503894,6.650334631035158
2026_10_1_1,2025,0.00630245869800061,7.482676989106072
2026_10_1_1,2026,0.0077458010263717686,7.25812869965571
2026_10_1_1,2027,0.0056662126783320905,6.968572815221232
2026_10_1_1,2028,0.004429663144661806,6.19169214396999
2026_10_1_1,2029,0.0033072441850570317,5.628854038894293
2026_10_1_2,2020,0.003131688866964506,2.8184812269661013
2026_10_1_2,2021,0.003674666844439013,4.482945076587919
2026_10_1_2,2022,0.004065593513278229,5.78493530347683
2026_10_1_2,2023,0.005488767339797101,5.690733979908884
2026_10_1_2,2024,0.005934883727503894,6.650334631035158
2026_10_1_2,2025,0.00630245869800061,7.482676989106072
2026_10_1_2,2026,0.0077458010263717686,7.25812869965571
2026_10_1_2,2027,0.0072082229204491225,7.257258911860776
2026_10_1_2,2028,0.006772262631862932,7.223260388805872
2026_10_1_2,2029,0.006363758375950745,7.116644140941117
2026_10_1_3,2020,0.003131688866964506,2.8184812269661013
2026_10_1_3,2021,0.003674666844439013,4.482945076587919
2026_10_1_3,2022,0.004065593513278229,5.78493530347683
2026_10_1_3,2023,0.005488767339797101,5.690733979908884
2026_10_1_3,2024,0.005934883727503894,6.650334631035158
2026_10_1_3,2025,0.00630245869800061,7.482676989106072
2026_10_1_3,2026,0.0077458010263717686,7.25812869965571
2026_10_1_3,2027,0.00795472502737885,7.054918017115287
2026_10_1_3,2028,0.007779964451099694,7.239143321959404
2026_10_1_3,2029,0.007739367466618742,7.229317144660706
2026_10_2_1,2020,0.00341013025635237,3.391547826298447
2026_10_2_1,2021,0.004134579075803726,5.518379765953395
2026_10_2_1,2022,0.004676343145932507,7.295981967049213
2026_10_2_1,2023,0.006593469849908699,7.1588867261962745
2026_10_2_1,2024,0.007186213934265546,8.54456471993328
2026_10_2_1,2025,0.007594747750484486,9.8727279803961
2026_10_2_1,2026,0.00957866147258151,9.479876698623142
2026_10_2_1,2027,0.0074498986746038155,9.650673069047828
2026_10_2_1,2028,0.006115327575189904,9.436772328493426
2026_10_2_1,2029,0.00470212903742431,9.986226754130147
2026_10_2_2,2020,0.00341013025635237,3.391547826298447
2026_10_2_2,2021,0.004134579075803726,5.518379765953395
2026_10_2_2,2022,0.004676343145932507,7.295981967049213
2026_10_2_2,2023,0.006593469849908699,7.1588867261962745
2026_10_2_2,2024,0.007186213934265546,8.54456471993328
2026_10_2_2,2025,0.007594747750484486,9.8727279803961
2026_10_2_2,2026,0.00957866147258151,9.479876698623142
2026_10_2_2,2027,0.009004999479474252,9.593245329673097
2026_10_2_2,2028,0.00855013526596445,9.644823821146842
2026_10_2_2,2029,0.008116758771937379,9.642583815519604
2026_10_2_3,2020,0.00341013025635237,3.391547826298447
2026_10_2_3,2021,0.004134579075803726,5.518379765953395
2026_10_2_3,2022,0.004676343145932507,7.295981967049213
2026_10_2_3,2023,0.006593469849908699,7.1588867261962745
2026_10_2_3,2024,0.007186213934265546,8.54456471993328
2026_10_2_3,2025,0.007594747750484486,9.8727279803961
2026_10_2_3,2026,0.00957866147258151,9.479876698623142
2026_10_2_3,2027,0.009755073569393532,9.286352734470373
2026_10_2_3,2028,0.009565098540703747,9.476993832331383
2026_10_2_3,2029,0.00951013466920006,9.471572911604362
2026_11_0_1,2020,0.0027885269342007514,4.680295292872178
2026_11_0_1,2021,0.004349383503631007,6.2411706290593605
2026_11_0_1,2022,0.00578768990665514,7.9109166864133
2026_11_0_1,2023,0.010156797979635203,6.809611626865163
2026_11_0_1,2024,0.012784468653447364,8.046183732087862
2026_11_0_1,2025,0.014986320557209902,9.264728559721426
2026_11_0_1,2026,0.016936859959074062,10.121613764962103
2026_11_0_1,2027,0.013569229858458242,8.99485727258763
2026_11_0_1,2028,0.010583857340792138,7.987120835666541
2026_11_0_1,2029,0.007431899676087352,7.4972697023020185
2026_11_0_2,2020,0.0027885269342007514,4.680295292872178
2026_11_0_2,2021,0.004349383503631007,6.2411706290593605
2026_11_0_2,2022,0.00578768990665514,7.9109166864133
2026_11_0_2,2023,0.010156797979635203,6.809611626865163
2026_11_0_2,2024,0.012784468653447364,8.046183732087862
2026_11_0_2,2025,0.014986320557209902,9.264728559721426
2026_11_0_2,2026,0.016936859959074062,10.121613764962103
2026_11_0_2,2027,0.0163718935839915,9.770634279675162
2026_11_0_2,2028,0.01576693179071334,9.495223103119969
2026_11_0_2,2029,0.014817893239621745,9.42116696622457
2026_11_0_3,2020,0.0027885269342007514,4.680295292872178
2026_11_0_3,2021,0.004349383503631007,6.2411706290593605
2026_11_0_3,2022,0.00578768990665514,7.9109166864133
2026_11_0_3,2023,0.010156797979635203,6.809611626865163
2026_11_0_3,2024,0.012784468653447364,8.046183732087862
2026_11_0_3,2025,0.014986320557209902,9.264728559721426
2026_11_0_3,2026,0.016936859959074062,10.121613764962103
2026_11_0_3,2027,0.017011346641586378,9.988167703969255
2026_11_0_3,2028,0.0166728057005149,10.134614601751307
2026_11_0_3,2029,0.016532699064322,10.11482256248085
2026_11_1_1,2020,0.003713090978482604,3.8008005094277495
2026_11_1_1,2021,0.005338912414571846,5.542409384764803
2026_11_1_1,2022,0.0068774591905689745,7.214445549425881
2026_11_1_1,2023,0.011275459052660794,6.593884606908619
2026_11_1_1,2024,0.01402814217204306,7.7946514891521215
2026_11_1_1,2025,0.016308965466842757,8.991566303796759
2026_11_1_1,2026,0.01834916752302915,9.83915710839375
2026_11_1_1,2027,0.014939512191085866,8.745752222590998
2026_11_1_1,2028,0.011910531085025948,7.779811004134579
2026_11_1_1,2029,0.0087258154878587,7.2640352053729025
2026_11_1_2,2020,0.003713090978482604,3.8008005094277495
2026_11_1_2,2021,0.005338912414571846,5.542409384764803
2026_11_1_2,2022,0.0068774591905689745,7.214445549425881
2026_11_1_2,2023,0.011275459052660794,6.593884606908619
2026_11_1_2,2024,0.01402814217204306,7.7946514891521215
2026_11_1_2,2025,0.016308965466842757,8.991566303796759
2026_11_1_2,2026,0.01834916752302915,9.83915710839375
2026_11_1_2,2027,0.01777450005816244,9.505840077768653
2026_11_1_2,2028,0.017104333695019437,9.271979605193843
2026_11_1_2,2029,0.0161492945838351,9.18668981254185
2026_11_1_3,2020,0.003713090978482604,3.8008005094277495
2026_11_1_3,2021,0.005338912414571846,5.542409384764803
2026_11_1_3,2022,0.0068774591905689745,7.214445549425881
2026_11_1_3,2023,0.011275459052660794,6.593884606908619
2026_11_1_3,2024,0.01402814217204306,7.7946514891521215
2026_11_1_3,2025,0.016308965466842757,8.991566303796759
2026_11_1_3,2026,0.01834916752302915,9.83915710839375
2026_11_1_3,2027,0.01842028712349514,9.717832946092578
2026_11_1_3,2028,0.01807753859635417,9.848520690366884
2026_11_1_3,2029,0.017929594957203348,9.829868279333377
2026_11_2_1,2020,0.004003127752558046,4.320272317785451
2026_11_2_1,2021,0.005900085945770676,6.268223703749317
2026_11_2_1,2022,0.007699917084254932,8.063905543599764
2026_11_2_1,2023,0.012460631954501117,7.498413938694107
2026_11_2_1,2024,0.015381938326232336,8.795101706797102
2026_11_2_1,2025,0.01798483681210616,10.012333562030502
2026_11_2_1,2026,0.02091618442470524,10.670595958899211
2026_11_2_1,2027,0.01715431504426785,9.937390705732396
2026_11_2_1,2028,0.013935368294136483,9.321635693090984
2026_11_2_1,2029,0.010550579187499076,9.309621849008582
2026_11_2_2,2020,0.004003127752558046,4.320272317785451
2026_11_2_2,2021,0.005900085945770676,6.268223703749317
2026_11_2_2,2022,0.007699917084254932,8.063905543599764
2026_11_2_2,2023,0.012460631954501117,7.498413938694107
2026_11_2_2,2024,0.015381938326232336,8.795101706797102
2026_11_2_2,2025,0.01798483681210616,10.012333562030502
2026_11_2_2,2026,0.02091618442470524,10.670595958899211
2026_11_2_2,2027,0.020303043018397717,10.38746299247461
2026_11_2_2,2028,0.019679377456225104,10.15286182267446
2026_11_2_2,2029,0.01840402794957048,10.26064499002685
2026_11_2_3,2020,0.004003127752558046,4.320272317785451
2026_11_2_3,2021,0.005900085945770676,6.268223703749317
2026_11_2_3,2022,0.007699917084254932,8.063905543599764
2026_11_2_3,2023,0.012460631954501117,7.498413938694107
2026_11_2_3,2024,0.015381938326232336,8.795101706797102
2026_11_2_3,2025,0.01798483681210616,10.012333562030502
2026_11_2_3,2026,0.02091618442470524,10.670595958899211
2026_11_2_3,2027,0.020962618283087858,10.564802127498725
2026_11_2_3,2028,0.020581702410632237,10.703300072947554
2026_11_2_3,2029,0.020412348135376342,10.691155704691635
2026_12_0_1,2020,0.0031113109458774787,5.9742404936558975
2026_12_0_1,2021,0.005832929993182954,7.787610789651688
2026_12_0_1,2022,0.012156510397270172,7.189523069337118
2026_12_0_1,2023,0.016806182389245708,8.982407933016583
2026_12_0_1,2024,0.02093657833504713,10.78803667506701
2026_12_0_1,2025,0.028019389333692562,11.213014180394675
2026_12_0_1,2026,0.032114254877586346,12.705481503980923
2026_12_0_1,2027,0.026927898309150225,11.487174190200427
2026_12_0_1,2028,0.020696144379255467,11.168665073197225
2026_12_0_1,2029,0.016604150636232728,10.222770932417841
2026_12_0_2,2020,0.0031113109458774787,5.9742404936558975
2026_12_0_2,2021,0.005832929993182954,7.787610789651688
2026_12_0_2,2022,0.012156510397270172,7.189523069337118
2026_12_0_2,2023,0.016806182389245708,8.982407933016583
2026_12_0_2,2024,0.02093657833504713,10.78803667506701
2026_12_0_2,2025,0.028019389333692562,11.213014180394675
2026_12_0_2,2026,0.032114254877586346,12.705481503980923
2026_12_0_2,2027,0.030967556499715408,12.413319925508095
2026_12_0_2,2028,0.029455098159151778,12.32796399051977
2026_12_0_2,2029,0.028405755185764592,12.053683710458849
2026_12_0_3,2020,0.0031113109458774787,5.9742404936558975
2026_12_0_3,2021,0.005832929993182954,7.787610789651688
2026_12_0_3,2022,0.012156510397270172,7.189523069337118
2026_12_0_3,2023,0.016806182389245708,8.982407933016583
2026_12_0_3,2024,0.02093657833504713,10.78803667506701
2026_12_0_3,2025,0.028019389333692562,11.213014180394675
2026_12_0_3,2026,0.032114254877586346,12.705481503980923
2026_12_0_3,2027,0.03169651304607187,12.731140705298968
2026_12_0_3,2028,0.031021603734856507,12.89308300737027
2026_12_0_3,2029,0.03051855791593567,12.96217102393497
2026_12_1_1,2020,0.004052138866049245,4.909008127219119
2026_12_1_1,2021,0.0068646879655291934,7.044602745950301
2026_12_1_1,2022,0.013262824378642108,6.928637466904471
2026_12_1_1,2023,0.018012624068965668,8.716483946149816
2026_12_1_1,2024,0.02222335051692145,10.505606578681038
2026_12_1_1,2025,0.029369538319891232,11.007312398626665
2026_12_1_1,2026,0.03346707157352207,12.504630318149703
2026_12_1_1,2027,0.028292761503222894,11.28718357921813
2026_12_1_1,2028,0.022064655081767564,10.908596034607262
2026_12_1_1,2029,0.017993048722927885,9.936293779623895
2026_12_1_2,2020,0.004052138866049245,4.909008127219119
2026_12_1_2,2021,0.0068646879655291934,7.044602745950301
2026_12_1_2,2022,0.013262824378642108,6.928637466904471
2026_12_1_2,2023,0.018012624068965668,8.716483946149816
2026_12_1_2,2024,0.02222335051692145,10.505606578681038
2026_12_1_2,2025,0.029369538319891232,11.007312398626665
2026_12_1_2,2026,0.03346707157352207,12.504630318149703
2026_12_1_2,2027,0.032318563965505524,12.215226531637425
2026_12_1_2,2028,0.03079805641682542,12.123587475874572
2026_12_1_2,2029,0.029751709184068355,11.848872012296146
2026_12_1_3,2020,0.004052138866049245,4.909008127219119
2026_12_1_3,2021,0.0068646879655291934,7.044602745950301
2026_12_1_3,2022,0.013262824378642108,6.928637466904471
2026_12_1_3,2023,0.018012624068965668,8.716483946149816
2026_12_1_3,2024,0.02222335051692145,10.505606578681038
2026_12_1_3,2025,0.029369538319891232,11.007312398626665
2026_12_1_3,2026,0.03346707157352207,12.504630318149703
2026_12_1_3,2027,0.03303998173560316,12.529614577935723
2026_12_1_3,2028,0.032360741758160436,12.681336132640661
2026_12_1_3,2029,0.031840500139731394,12.74923910297496
2026_12_2_1,2020,0.0043516195138149725,5.393049583198251
2026_12_2_1,2021,0.007408289048066518,7.674129139315199
2026_12_2_1,2022,0.014325732012892084,7.432900138958771
2026_12_2_1,2023,0.019139873850320618,9.359771094800278
2026_12_2_1,2024,0.02377405476351962,11.090467503277257
2026_12_2_1,2025,0.03165865317372976,11.45681926040146
2026_12_2_1,2026,0.036431955855179665,12.896921844629066
2026_12_2_1,2027,0.0311639286820261,11.793757045627574
2026_12_2_1,2028,0.02466470840414759,11.588610674106775
2026_12_2_1,2029,0.020477906897775622,10.787279873318852
2026_12_2_2,2020,0.0043516195138149725,5.393049583198251
2026_12_2_2,2021,0.007408289048066518,7.674129139315199
2026_12_2_2,2022,0.014325732012892084,7.432900138958771
2026_12_2_2,2023,0.019139873850320618,9.359771094800278
2026_12_2_2,2024,0.02377405476351962,11.090467503277257
2026_12_2_2,2025,0.03165865317372976,11.45681926040146
2026_12_2_2,2026,0.036431955855179665,12.896921844629066
2026_12_2_2,2027,0.035284822640407394,12.620975572590961
2026_12_2_2,2028,0.03375687204490642,12.53392531131792
2026_12_2_2,2029,0.03259543745120422,12.314785449518318
2026_12_2_3,2020,0.0043516195138149725,5.393049583198251
2026_12_2_3,2021,0.007408289048066518,7.674129139315199
2026_12_2_3,2022,0.014325732012892084,7.432900138958771
2026_12_2_3,2023,0.019139873850320618,9.359771094800278
2026_12_2_3,2024,0.02377405476351962,11.090467503277257
2026_12_2_3,2025,0.03165865317372976,11.45681926040146
2026_12_2_3,2026,0.036431955855179665,12.896921844629066
2026_12_2_3,2027,0.03596272972802475,12.931740687355104
2026_12_2_3,2028,0.035269929742816515,13.075079693296106
2026_12_2_3,2029,0.03473378849795062,13.138769999042083
2026_13_0_1,2020,0.004510850345541202,5.590048797959069
2026_13_0_1,2021,0.010067848666089306,6.862269899558794
2026_13_0_1,2022,0.017405208856324312,8.939273580775764
2026_13_0_1,2023,0.024175248326380305,11.188969019142842
2026_13_0_1,2024,0.03350618936660122,12.591491351156217
2026_13_0_1,2025,0.039571885436288826,14.820628146918926
2026_13_0_1,2026,0.059237230728140265,13.307540159279986
2026_13_0_1,2027,0.043038963496818634,14.315747603361473
2026_13_0_1,2028,0.03519572467303327,13.80708216097964
2026_13_0_1,2029,0.029883821371307843,12.598251694276755
2026_13_0_2,2020,0.004510850345541202,5.590048797959069
2026_13_0_2,2021,0.010067848666089306,6.862269899558794
2026_13_0_2,2022,0.017405208856324312,8.939273580775764
2026_13_0_2,2023,0.024175248326380305,11.188969019142842
2026_13_0_2,2024,0.03350618936660122,12.591491351156217
2026_13_0_2,2025,0.039571885436288826,14.820628146918926
2026_13_0_2,2026,0.059237230728140265,13.307540159279986
2026_13_0_2,2027,0.055824187387358615,13.35890075733571
2026_13_0_2,2028,0.053140304390454945,13.317858643788558
2026_13_0_2,2029,0.050344725361440676,13.334261581170713
2026_13_0_3,2020,0.004510850345541202,5.590048797959069
2026_13_0_3,2021,0.010067848666089306,6.862269899558794
2026_13_0_3,2022,0.017405208856324312,8.939273580775764
2026_13_0_3,2023,0.024175248326380305,11.188969019142842
2026_13_0_3,2024,0.03350618936660122,12.591491351156217
2026_13_0_3,2025,0.039571885436288826,14.820628146918926
2026_13_0_3,2026,0.059237230728140265,13.307540159279986
2026_13_0_3,2027,0.05769224094226601,13.530476294275651
2026_13_0_3,2028,0.05629381280461296,13.761643538982815
2026_13_0_3,2029,0.05572969749550757,13.784980069394582
2026_13_1_1,2020,0.005471774522352793,4.891164292797773
2026_13_1_1,2021,0.011154759203754163,6.494796213436042
2026_13_1_1,2022,0.0185400183438759,8.67056901644448
2026_13_1_1,2023,0.025399051515629444,10.924924241204451
2026_13_1_1,2024,0.03482612989936275,12.361858380563946
2026_13_1_1,2025,0.040889755726048076,14.592329500881249
2026_13_1_1,2026,0.060674401601299506,13.182008099146783
2026_13_1_1,2027,0.04439551063241704,14.129669110850227
2026_13_1_1,2028,0.03653163482907556,13.596039572464226
2026_13_1_1,2029,0.031212387733303672,12.391414526160023
2026_13_1_2,2020,0.005471774522352793,4.891164292797773
2026_13_1_2,2021,0.011154759203754163,6.494796213436042
2026_13_1_2,2022,0.0185400183438759,8.67056901644448
2026_13_1_2,2023,0.025399051515629444,10.924924241204451
2026_13_1_2,2024,0.03482612989936275,12.361858380563946
2026_13_1_2,2025,0.040889755726048076,14.592329500881249
2026_13_1_2,2026,0.060674401601299506,13.182008099146783
2026_13_1_2,2027,0.05728934390761641,13.21684482349139
2026_13_1_2,2028,0.05459223058694203,13.171521363661297
2026_13_1_2,2029,0.05174554060499165,13.190449240971521
2026_13_1_3,2020,0.005471774522352793,4.891164292797773
2026_13_1_3,2021,0.011154759203754163,6.494796213436042
2026_13_1_3,2022,0.0185400183438759,8.67056901644448
2026_13_1_3,2023,0.025399051515629444,10.924924241204451
2026_13_1_3,2024,0.03482612989936275,12.361858380563946
2026_13_1_3,2025,0.040889755726048076,14.592329500881249
2026_13_1_3,2026,0.060674401601299506,13.182008099146783
2026_13_1_3,2027,0.05913288988151722,13.395236570898742
2026_13_1_3,2028,0.05774123809225052,13.615450326541664
2026_13_1_3,2029,0.05717697935994616,13.636055129101193
2026_13_2_1,2020,0.005758798641994403,5.337691939752099
2026_13_2_1,2021,0.01166924496678478,7.030272650275816
2026_13_2_1,2022,0.01957314026727163,9.069055655792903
2026_13_2_1,2023,0.026700576178482472,11.329942202758925
2026_13_2_1,2024,0.03651952756901215,12.72867648903419
2026_13_2_1,2025,0.043604494374622854,14.735849179299608
2026_13_2_1,2026,0.06409097673458217,13.409337077049074
2026_13_2_1,2027,0.047574414341591736,14.366756756021537
2026_13_2_1,2028,0.03947142789056556,13.926694779528107
2026_13_2_1,2029,0.03410611143427512,12.80256323989107
2026_13_2_2,2020,0.005758798641994403,5.337691939752099
2026_13_2_2,2021,0.01166924496678478,7.030272650275816
2026_13_2_2,2022,0.01957314026727163,9.069055655792903
2026_13_2_2,2023,0.026700576178482472,11.329942202758925
2026_13_2_2,2024,0.03651952756901215,12.72867648903419
2026_13_2_2,2025,0.043604494374622854,14.735849179299608
2026_13_2_2,2026,0.06409097673458217,13.409337077049074
2026_13_2_2,2027,0.06056446265819508,13.471753294733452
2026_13_2_2,2028,0.05788632211360607,13.420713950354735
2026_13_2_2,2029,0.054978096100316814,13.448754792183045
2026_13_2_3,2020,0.005758798641994403,5.337691939752099
2026_13_2_3,2021,0.01166924496678478,7.030272650275816
2026_13_2_3,2022,0.01957314026727163,9.069055655792903
2026_13_2_3,2023,0.026700576178482472,11.329942202758925
2026_13_2_3,2024,0.03651952756901215,12.72867648903419
2026_13_2_3,2025,0.043604494374622854,14.735849179299608
2026_13_2_3,2026,0.06409097673458217,13.409337077049074
2026_13_2_3,2027,0.062476829209666705,13.627316266538656
2026_13_2_3,2028,0.06100310055780969,13.854034893080486
2026_13_2_3,2029,0.06044745494011527,13.86699434362689
2026_14_0_1,2020,0.005266537109371319,6.534790270423185
2026_14_0_1,2021,0.014224659578840912,7.76478138098147
2026_14_0_1,2022,0.021936151076764915,11.21594634917557
2026_14_0_1,2023,0.034322177866494843,13.006421148212848
2026_14_0_1,2024,0.046800658944863655,14.645064951548612
2026_14_0_1,2025,0.06806670780006957,14.845709991240675
2026_14_0_1,2026,0.08131386191989605,16.995321895251042
2026_14_0_1,2027,0.07027351050342157,15.889716854669611
2026_14_0_1,2028,0.06178283369639256,14.403108530796063
2026_14_0_1,2029,0.05235868230173346,13.323882435017945
2026_14_0_2,2020,0.005266537109371319,6.534790270423185
2026_14_0_2,2021,0.014224659578840912,7.76478138098147
2026_14_0_2,2022,0.021936151076764915,11.21594634917557
2026_14_0_2,2023,0.034322177866494843,13.006421148212848
2026_14_0_2,2024,0.046800658944863655,14.645064951548612
2026_14_0_2,2025,0.06806670780006957,14.845709991240675
2026_14_0_2,2026,0.08131386191989605,16.995321895251042
2026_14_0_2,2027,0.07959018298298728,16.54167570200856
2026_14_0_2,2028,0.07612141361119494,16.49895613432397
2026_14_0_2,2029,0.07473482821964593,16.038120314432966
2026_14_0_3,2020,0.005266537109371319,6.534790270423185
2026_14_0_3,2021,0.014224659578840912,7.76478138098147
2026_14_0_3,2022,0.021936151076764915,11.21594634917557
2026_14_0_3,2023,0.034322177866494843,13.006421148212848
2026_14_0_3,2024,0.046800658944863655,14.645064951548612
2026_14_0_3,2025,0.06806670780006957,14.845709991240675
2026_14_0_3,2026,0.08131386191989605,16.995321895251042
2026_14_0_3,2027,0.08043010056140897,16.99994946089766
2026_14_0_3,2028,0.08068922847808627,16.792465789549787
2026_14_0_3,2029,0.08102260362069544,16.57697443646864
2026_14_1_1,2020,0.006230714009007641,5.813627577953844
2026_14_1_1,2021,0.015308618230403595,7.463289740200506
2026_14_1_1,2022,0.02310266843390989,10.905359241269714
2026_14_1_1,2023,0.03556270637635364,12.770464224782144
2026_14_1_1,2024,0.048082801979960524,14.45192710386328
2026_14_1_1,2025,0.06942728084928082,14.71214123332812
2026_14_1_1,2026,0.08280377695969629,16.839017491482107
2026_14_1_1,2027,0.07176211062960657,15.727818422327836
2026_14_1_1,2028,0.06321809825222675,14.260650491009633
2026_14_1_1,2029,0.05380444828211278,13.175781481382856
2026_14_1_2,2020,0.006230714009007641,5.813627577953844
2026_14_1_2,2021,0.015308618230403595,7.463289740200506
2026_14_1_2,2022,0.02310266843390989,10.905359241269714
2026_14_1_2,2023,0.03556270637635364,12.770464224782144
2026_14_1_2,2024,0.048082801979960524,14.45192710386328
2026_14_1_2,2025,0.06942728084928082,14.71214123332812
2026_14_1_2,2026,0.08280377695969629,16.839017491482107
2026_14_1_2,2027,0.08108835177815228,16.38785871039447
2026_14_1_2,2028,0.07761510648661069,16.339004682713338
2026_14_1_2,2029,0.0762203439325961,15.884665256662492
2026_14_1_3,2020,0.006230714009007641,5.813627577953844
2026_14_1_3,2021,0.015308618230403595,7.463289740200506
2026_14_1_3,2022,0.02310266843390989,10.905359241269714
2026_14_1_3,2023,0.03556270637635364,12.770464224782144
2026_14_1_3,2024,0.048082801979960524,14.45192710386328
2026_14_1_3,2025,0.06942728084928082,14.71214123332812
2026_14_1_3,2026,0.08280377695969629,16.839017491482107
2026_14_1_3,2027,0.08190924871386773,16.843966746780744
2026_14_1_3,2028,0.08216460200536395,16.64132190223383
2026_14_1_3,2029,0.08250028922741331,16.429367272814492
2026_14_2_1,2020,0.006583998588603992,6.17105634656985
2026_14_2_1,2021,0.01587826031435225,7.862753255151634
2026_14_2_1,2022,0.024314976465272493,11.133867925929092
2026_14_2_1,2023,0.036974571008083074,13.041080903842603
2026_14_2_1,2024,0.05021963713200466,14.609495504339469
2026_14_2_1,2025,0.07218936729527094,14.866520773699008
2026_14_2_1,2026,0.08634674696707467,16.93220478963237
2026_14_2_1,2027,0.07531323002646752,15.839853390378998
2026_14_2_1,2028,0.0666561894073437,14.436953900256304
2026_14_2_1,2029,0.05707336486606365,13.425542830281065
2026_14_2_2,2020,0.006583998588603992,6.17105634656985
2026_14_2_2,2021,0.01587826031435225,7.862753255151634
2026_14_2_2,2022,0.024314976465272493,11.133867925929092
2026_14_2_2,2023,0.036974571008083074,13.041080903842603
2026_14_2_2,2024,0.05021963713200466,14.609495504339469
2026_14_2_2,2025,0.07218936729527094,14.866520773699008
2026_14_2_2,2026,0.08634674696707467,16.93220478963237
2026_14_2_2,2027,0.08461028015496272,16.49490211300046
2026_14_2_2,2028,0.08108180123379423,16.45269912529848
2026_14_2_2,2029,0.0796613525749292,16.01317800575346
2026_14_2_3,2020,0.006583998588603992,6.17105634656985
2026_14_2_3,2021,0.01587826031435225,7.862753255151634
2026_14_2_3,2022,0.024314976465272493,11.133867925929092
2026_14_2_3,2023,0.036974571008083074,13.041080903842603
2026_14_2_3,2024,0.05021963713200466,14.609495504339469
2026_14_2_3,2025,0.07218936729527094,14.866520773699008
2026_14_2_3,2026,0.08634674696707467,16.93220478963237
2026_14_2_3,2027,0.0854129885917963,16.941178059753057
2026_14_2_3,2028,0.08565832061334605,16.74385269407505
2026_14_2_3,2029,0.0860193545947936,16.529786344316346
2026_15_0_1,2020,0.006120263920370881,7.409427091667661
2026_15_0_1,2021,0.018280609449865644,9.040539511979178
2026_15_0_1,2022,0.032428806909262226,11.751172535629214
2026_15_0_1,2023,0.04714528177107826,14.46424733195058
2026_15_0_1,2024,0.07216050293701505,15.563354314748834
2026_15_0_1,2025,0.09444057543267315,17.22507063914933
2026_15_0_1,2026,0.10844699427690946,19.98742440684634
2026_15_0_1,2027,0.0969357469362451,18.527106057665765
2026_15_0_1,2028,0.08691081625951284,16.945559088306894
2026_15_0_1,2029,0.07402737264177042,16.118826884791954
2026_15_0_2,2020,0.006120263920370881,7.409427091667661
2026_15_0_2,2021,0.018280609449865644,9.040539511979178
2026_15_0_2,2022,0.032428806909262226,11.751172535629214
2026_15_0_2,2023,0.04714528177107826,14.46424733195058
2026_15_0_2,2024,0.07216050293701505,15.563354314748834
2026_15_0_2,2025,0.09444057543267315,17.22507063914933
2026_15_0_2,2026,0.10844699427690946,19.98742440684634
2026_15_0_2,2027,0.10465194277397809,19.81518627800688
2026_15_0_2,2028,0.10112147435766529,19.640463227434807
2026_15_0_2,2029,0.09775519023094396,19.48195347539552
2026_15_0_3,2020,0.006120263920370881,7.409427091667661
2026_15_0_3,2021,0.018280609449865644,9.040539511979178
2026_15_0_3,2022,0.032428806909262226,11.751172535629214
2026_15_0_3,2023,0.04714528177107826,14.46424733195058
2026_15_0_3,2024,0.07216050293701505,15.563354314748834
2026_15_0_3,2025,0.09444057543267315,17.22507063914933
2026_15_0_3,2026,0.10844699427690946,19.98742440684634
2026_15_0_3,2027,0.10679242768590236,20.065924072398374
2026_15_0_3,2028,0.10526014094686173,20.14677706343534
2026_15_0_3,2029,0.10392263405508573,20.202254742840157
2026_15_1_1,2020,0.007082239240810749,6.69096815257382
2026_15_1_1,2021,0.019378956073025182,8.748877715862326
2026_15_1_1,2022,0.03359391254890151,11.53698752233047
2026_15_1_1,2023,0.04840708484909947,14.260418579757705
2026_15_1_1,2024,0.07340486157637684,15.436933237895431
2026_15_1_1,2025,0.09580719508026676,17.09965640512331
2026_15_1_1,2026,0.10989365100256912,19.841290445571442
2026_15_1_1,2027,0.09842647661953956,18.375410370058397
2026_15_1_1,2028,0.08844764052467101,16.79201847225164
2026_15_1_1,2029,0.07552291580921397,15.960131768591141
2026_15_1_2,2020,0.007082239240810749,6.69096815257382
2026_15_1_2,2021,0.019378956073025182,8.748877715862326
2026_15_1_2,2022,0.03359391254890151,11.53698752233047
2026_15_1_2,2023,0.04840708484909947,14.260418579757705
2026_15_1_2,2024,0.07340486157637684,15.436933237895431
2026_15_1_2,2025,0.09580719508026676,17.09965640512331
2026_15_1_2,2026,0.10989365100256912,19.841290445571442
2026_15_1_2,2027,0.10610258811153278,19.66485638062342
2026_15_1_2,2028,0.10256455748714692,19.488280544458856
2026_15_1_2,2029,0.09919746450758869,19.326293688587477
2026_15_1_3,2020,0.007082239240810749,6.69096815257382
2026_15_1_3,2021,0.019378956073025182,8.748877715862326
2026_15_1_3,2022,0.03359391254890151,11.53698752233047
2026_15_1_3,2023,0.04840708484909947,14.260418579757705
2026_15_1_3,2024,0.07340486157637684,15.436933237895431
2026_15_1_3,2025,0.09580719508026676,17.09965640512331
2026_15_1_3,2026,0.10989365100256912,19.841290445571442
2026_15_1_3,2027,0.1082278756849478,19.918204236364303
2026_15_1_3,2028,0.10668999017945927,19.99655366209567
2026_15_1_3,2029,0.10532978568971212,20.053068364267766
2026_15_2_1,2020,0.007477191500392913,6.984542216767755
2026_15_2_1,2021,0.020176078951135722,8.987163320770023
2026_15_2_1,2022,0.03480228698448346,11.736878202799982
2026_15_2_1,2023,0.04995248994046548,14.436465842091346
2026_15_2_1,2024,0.07581546442457372,15.515056775751045
2026_15_2_1,2025,0.09891510954437334,17.145468354040236
2026_15_2_1,2026,0.11339485849649796,19.878280833230907
2026_15_2_1,2027,0.10176024802826215,18.47085535084601
2026_15_2_1,2028,0.09185996395030627,16.909656947011722
2026_15_2_1,2029,0.07899072481518236,16.08023325221121
2026_15_2_2,2020,0.007477191500392913,6.984542216767755
2026_15_2_2,2021,0.020176078951135722,8.987163320770023
2026_15_2_2,2022,0.03480228698448346,11.736878202799982
2026_15_2_2,2023,0.04995248994046548,14.436465842091346
2026_15_2_2,2024,0.07581546442457372,15.515056775751045
2026_15_2_2,2025,0.09891510954437334,17.145468354040236
2026_15_2_2,2026,0.11339485849649796,19.878280833230907
2026_15_2_2,2027,0.10954653524190033,19.710923577280433
2026_15_2_2,2028,0.10586891481250124,19.559441686239218
2026_15_2_2,2029,0.10242795190471662,19.41029537932847
2026_15_2_3,2020,0.007477191500392913,6.984542216767755
2026_15_2_3,2021,0.020176078951135722,8.987163320770023
2026_15_2_3,2022,0.03480228698448346,11.736878202799982
2026_15_2_3,2023,0.04995248994046548,14.436465842091346
2026_15_2_3,2024,0.07581546442457372,15.515056775751045
2026_15_2_3,2025,0.09891510954437334,17.145468354040236
2026_15_2_3,2026,0.11339485849649796,19.878280833230907
2026_15_2_3,2027,0.11172112701365726,19.950622473437324
2026_15_2_3,2028,0.11015297212879584,20.0283790403477
2026_15_2_3,2029,0.1087147056755741,20.09304348337413
2027_10_0_1,2020,0.0019913788406986563,3.3032871617489334
2027_10_0_1,2021,0.0023707967947731987,4.709762014364548
2027_10_0_1,2022,0.0026942104972092294,5.557299028912253
2027_10_0_1,2023,0.002850700597679844,6.481953546720126
2027_10_0_1,2024,0.003304466642068092,6.628876272104794
2027_10_0_1,2025,0.003593451666835594,6.98978876996244
2027_10_0_1,2026,0.00428590255194233,6.597338154158078
2027_10_0_1,2027,0.0043785319092213126,7.391053320488386
2027_10_0_1,2028,0.003165823459858464,6.565498719196097
2027_10_0_1,2029,0.0020870982825191486,5.979635592719136
2027_10_0_2,2020,0.0019913788406986563,3.3032871617489334
2027_10_0_2,2021,0.0023707967947731987,4.709762014364548
2027_10_0_2,2022,0.0026942104972092294,5.557299028912253
2027_10_0_2,2023,0.002850700597679844,6.481953546720126
2027_10_0_2,2024,0.003304466642068092,6.628876272104794
2027_10_0_2,2025,0.003593451666835594,6.98978876996244
2027_10_0_2,2026,0.00428590255194233,6.597338154158078
2027_10_0_2,2027,0.0043785319092213126,7.391053320488386
2027_10_0_2,2028,0.004141765160318344,7.2175603897225376
2027_10_0_2,2029,0.003996327660254217,6.832199262901544
2027_10_0_3,2020,0.0019913788406986563,3.3032871617489334
2027_10_0_3,2021,0.0023707967947731987,4.709762014364548
2027_10_0_3,2022,0.0026942104972092294,5.557299028912253
2027_10_0_3,2023,0.002850700597679844,6.481953546720126
2027_10_0_3,2024,0.003304466642068092,6.628876272104794
2027_10_0_3,2025,0.003593451666835594,6.98978876996244
2027_10_0_3,2026,0.00428590255194233,6.597338154158078
2027_10_0_3,2027,0.0043785319092213126,7.391053320488386
2027_10_0_3,2028,0.004297987052637864,7.514719769582551
2027_10_0_3,2029,0.004188473638505527,7.625332635793798
2027_10_1_1,2020,0.0028439780031046776,2.54945868631676
2027_10_1_1,2021,0.003342841709347116,3.8254295386998356
2027_10_1_1,2022,0.00370336063161917,4.741062834759869
2027_10_1_1,2023,0.003975166338562747,5.533189306691774
2027_10_1_1,2024,0.004432105860438738,5.952962267818187
2027_10_1_1,2025,0.004747200651840548,6.424688333881739
2027_10_1_1,2026,0.0055023529259019535,6.276828022384799
2027_10_1_1,2027,0.0056662126783320905,6.968572815221232
2027_10_1_1,2028,0.004429663144661806,6.19169214396999
2027_10_1_1,2029,0.0033072441850570317,5.628854038894293
2027_10_1_2,2020,0.0028439780031046776,2.54945868631676
2027_10_1_2,2021,0.003342841709347116,3.8254295386998356
2027_10_1_2,2022,0.00370336063161917,4.741062834759869
2027_10_1_2,2023,0.003975166338562747,5.533189306691774
2027_10_1_2,2024,0.004432105860438738,5.952962267818187
2027_10_1_2,2025,0.004747200651840548,6.424688333881739
2027_10_1_2,2026,0.0055023529259019535,6.276828022384799
2027_10_1_2,2027,0.0056662126783320905,6.968572815221232
2027_10_1_2,2028,0.00540939006482256,6.823771816109094
2027_10_1_2,2029,0.005256817582092667,6.507172687193491
2027_10_1_3,2020,0.0028439780031046776,2.54945868631676
2027_10_1_3,2021,0.003342841709347116,3.8254295386998356
2027_10_1_3,2022,0.00370336063161917,4.741062834759869
2027_10_1_3,2023,0.003975166338562747,5.533189306691774
2027_10_1_3,2024,0.004432105860438738,5.952962267818187
2027_10_1_3,2025,0.004747200651840548,6.424688333881739
2027_10_1_3,2026,0.0055023529259019535,6.276828022384799
2027_10_1_3,2027,0.0056662126783320905,6.968572815221232
2027_10_1_3,2028,0.005577992407792857,7.064647602712428
2027_10_1_3,2029,0.005461584298641998,7.143808716861571
2027_10_2_1,2020,0.0030582506590839994,3.1258841421698187
2027_10_2_1,2021,0.003690911770363707,4.888424077146644
2027_10_2_1,2022,0.004238039608550951,6.191065368260496
2027_10_2_1,2023,0.004804254119278588,7.211554389806665
2027_10_2_1,2024,0.005565635599136259,7.880632757438613
2027_10_2_1,2025,0.006018731825467539,8.78266564024265
2027_10_2_1,2026,0.006806049138827264,9.06528741287346
2027_10_2_1,2027,0.0074498986746038155,9.650673069047828
2027_10_2_1,2028,0.006115327575189904,9.436772328493426
2027_10_2_1,2029,0.00470212903742431,9.986226754130147
2027_10_2_2,2020,0.0030582506590839994,3.1258841421698187
2027_10_2_2,2021,0.003690911770363707,4.888424077146644
2027_10_2_2,2022,0.004238039608550951,6.191065368260496
2027_10_2_2,2023,0.004804254119278588,7.211554389806665
2027_10_2_2,2024,0.005565635599136259,7.880632757438613
2027_10_2_2,2025,0.006018731825467539,8.78266564024265
2027_10_2_2,2026,0.006806049138827264,9.06528741287346
2027_10_2_2,2027,0.0074498986746038155,9.650673069047828
2027_10_2_2,2028,0.007191468046443902,9.567777078573867
2027_10_2_2,2029,0.007011422623930029,9.348057395304785
2027_10_2_3,2020,0.0030582506590839994,3.1258841421698187
2027_10_2_3,2021,0.003690911770363707,4.888424077146644
2027_10_2_3,2022,0.004238039608550951,6.191065368260496
2027_10_2_3,2023,0.004804254119278588,7.211554389806665
2027_10_2_3,2024,0.005565635599136259,7.880632757438613
2027_10_2_3,2025,0.006018731825467539,8.78266564024265
2027_10_2_3,2026,0.006806049138827264,9.06528741287346
2027_10_2_3,2027,0.0074498986746038155,9.650673069047828
2027_10_2_3,2028,0.007346597115164944,9.757454979474002
2027_10_2_3,2029,0.007220675909132483,9.847235277514152
2027_11_0_1,2020,0.002527126429061074,4.1744341147040815
2027_11_0_1,2021,0.003036111888333505,6.773418221989853
2027_11_0_1,2022,0.004746536204429395,6.806305123516927
2027_11_0_1,2023,0.0056924632428816,8.061565428782222
2027_11_0_1,2024,0.008104425124592658,7.551546297173433
2027_11_0_1,2025,0.011066538566265157,7.366861148183309
2027_11_0_1,2026,0.012553390362579965,8.18553603175568
2027_11_0_1,2027,0.013569229858458242,8.99485727258763
2027_11_0_1,2028,0.010583857340792138,7.987120835666541
2027_11_0_1,2029,0.007431899676087352,7.4972697023020185
2027_11_0_2,2020,0.002527126429061074,4.1744341147040815
2027_11_0_2,2021,0.003036111888333505,6.773418221989853
2027_11_0_2,2022,0.004746536204429395,6.806305123516927
2027_11_0_2,2023,0.0056924632428816,8.061565428782222
2027_11_0_2,2024,0.008104425124592658,7.551546297173433
2027_11_0_2,2025,0.011066538566265157,7.366861148183309
2027_11_0_2,2026,0.012553390362579965,8.18553603175568
2027_11_0_2,2027,0.013569229858458242,8.99485727258763
2027_11_0_2,2028,0.012657809787749628,9.008465684187613
2027_11_0_2,2029,0.012154816963513131,8.725173878569565
2027_11_0_3,2020,0.002527126429061074,4.1744341147040815
2027_11_0_3,2021,0.003036111888333505,6.773418221989853
2027_11_0_3,2022,0.004746536204429395,6.806305123516927
2027_11_0_3,2023,0.0056924632428816,8.061565428782222
2027_11_0_3,2024,0.008104425124592658,7.551546297173433
2027_11_0_3,2025,0.011066538566265157,7.366861148183309
2027_11_0_3,2026,0.012553390362579965,8.18553603175568
2027_11_0_3,2027,0.013569229858458242,8.99485727258763
2027_11_0_3,2028,0.013292284431439755,9.150294662906154
2027_11_0_3,2029,0.013208295196873181,9.13004314714273
2027_11_1_1,2020,0.003442453251659389,3.314506349637298
2027_11_1_1,2021,0.004017367380153806,5.624027280694045
2027_11_1_1,2022,0.005794178235274467,6.123369650639504
2027_11_1_1,2023,0.0068020990861397505,7.391484472539524
2027_11_1_1,2024,0.0092576859854548409,7.200770595416469
2027_11_1_1,2025,0.012304407639099377,7.1547233654195805
2027_11_1_1,2026,0.013860940856870568,7.958338745822641
2027_11_1_1,2027,0.014939512191085866,8.745752222590998
2027_11_1_1,2028,0.011910531085025948,7.779811004134579
2027_11_1_1,2029,0.0087258154878587,7.2640352053729025
2027_11_1_2,2020,0.003442453251659389,3.314506349637298
2027_11_1_2,2021,0.004017367380153806,5.624027280694045
2027_11_1_2,2022,0.005794178235274467,6.123369650639504
2027_11_1_2,2023,0.0068020990861397505,7.391484472539524
2027_11_1_2,2024,0.0092576859854548409,7.200770595416469
2027_11_1_2,2025,0.012304407639099377,7.1547233654195805
2027_11_1_2,2026,0.013860940856870568,7.958338745822641
2027_11_1_2,2027,0.014939512191085866,8.745752222590998
2027_11_1_2,2028,0.014020465639812022,8.73851628397464
2027_11_1_2,2029,0.0135101717297005,8.469173151590203
2027_11_1_3,2020,0.003442453251659389,3.314506349637298
2027_11_1_3,2021,0.004017367380153806,5.624027280694045
2027_11_1_3,2022,0.005794178235274467,6.123369650639504
2027_11_1_3,2023,0.0068020990861397505,7.391484472539524
2027_11_1_3,2024,0.0092576859854548409,7.200770595416469
2027_11_1_3,2025,0.012304407639099377,7.1547233654195805
2027_11_1_3,2026,0.013860940856870568,7.958338745822641
2027_11_1_3,2027,0.014939512191085866,8.745752222590998
2027_11_1_3,2028,0.014658962109376025,8.88234253793301
2027_11_1_3,2029,0.014563649963060551,8.866673533745551
2027_11_2_1,2020,0.0037208946410472524,3.7809827650214505
2027_11_2_1,2021,0.004471931757476435,6.417973578475386
2027_11_2_1,2022,0.006377364244962286,7.166710667838052
2027_11_2_1,2023,0.007861752348010958,8.332033607803362
2027_11_2_1,2024,0.010456679931626085,8.371783692951686
2027_11_2_1,2025,0.013511732954670857,8.474460094167213
2027_11_2_1,2026,0.01551577128957338,9.21885966040899
2027_11_2_1,2027,0.01715431504426785,9.937390705732396
2027_11_2_1,2028,0.013935368294136483,9.321635693090984
2027_11_2_1,2029,0.010550579187499076,9.309621849008582
2027_11_2_2,2020,0.0037208946410472524,3.7809827650214505
2027_11_2_2,2021,0.004471931757476435,6.417973578475386
2027_11_2_2,2022,0.006377364244962286,7.166710667838052
2027_11_2_2,2023,0.007861752348010958,8.332033607803362
2027_11_2_2,2024,0.010456679931626085,8.371783692951686
2027_11_2_2,2025,0.013511732954670857,8.474460094167213
2027_11_2_2,2026,0.01551577128957338,9.21885966040899
2027_11_2_2,2027,0.01715431504426785,9.937390705732396
2027_11_2_2,2028,0.01616361514879055,10.003605357768208
2027_11_2_2,2029,0.015621505829626282,9.789688934075517
2027_11_2_3,2020,0.0037208946410472524,3.7809827650214505
2027_11_2_3,2021,0.004471931757476435,6.417973578475386
2027_11_2_3,2022,0.006377364244962286,7.166710667838052
2027_11_2_3,2023,0.007861752348010958,8.332033607803362
2027_11_2_3,2024,0.010456679931626085,8.371783692951686
2027_11_2_3,2025,0.013511732954670857,8.474460094167213
2027_11_2_3,2026,0.01551577128957338,9.21885966040899
2027_11_2_3,2027,0.01715431504426785,9.937390705732396
2027_11_2_3,2028,0.016854032996206476,10.077261036239625
2027_11_2_3,2029,0.016717250499154245,10.0813601410817
2027_12_0_1,2020,0.0029025366591430403,5.157162206604537
2027_12_0_1,2021,0.005067628698691979,6.5657986421883345
2027_12_0_1,2022,0.0070105738749083124,8.109316748799586
2027_12_0_1,2023,0.012364366812489326,7.6509480361766204
2027_12_0_1,2024,0.015147089688557294,9.279595433646561
2027_12_0_1,2025,0.017970920290011752,10.610935210301708
2027_12_0_1,2026,0.022458242903226365,10.86765966752427
2027_12_0_1,2027,0.026927898309150225,11.487174190200427
2027_12_0_1,2028,0.020696144379255467,11.168665073197225
2027_12_0_1,2029,0.016604150636232728,10.222770932417841
2027_12_0_2,2020,0.0029025366591430403,5.157162206604537
2027_12_0_2,2021,0.005067628698691979,6.5657986421883345
2027_12_0_2,2022,0.0070105738749083124,8.109316748799586
2027_12_0_2,2023,0.012364366812489326,7.6509480361766204
2027_12_0_2,2024,0.015147089688557294,9.279595433646561
2027_12_0_2,2025,0.017970920290011752,10.610935210301708
2027_12_0_2,2026,0.022458242903226365,10.86765966752427
2027_12_0_2,2027,0.026927898309150225,11.487174190200427
2027_12_0_2,2028,0.025910780467334513,11.249810840695739
2027_12_0_2,2029,0.024696016796100898,11.097750150891118
2027_12_0_3,2020,0.0029025366591430403,5.157162206604537
2027_12_0_3,2021,0.005067628698691979,6.5657986421883345
2027_12_0_3,2022,0.0070105738749083124,8.109316748799586
2027_12_0_3,2023,0.012364366812489326,7.6509480361766204
2027_12_0_3,2024,0.015147089688557294,9.279595433646561
2027_12_0_3,2025,0.017970920290011752,10.610935210301708
2027_12_0_3,2026,0.022458242903226365,10.86765966752427
2027_12_0_3,2027,0.026927898309150225,11.487174190200427
2027_12_0_3,2028,0.026558968935400464,11.562333652142717
2027_12_0_3,2029,0.02603029923951155,11.680072380650325
2027_12_1_1,2020,0.0038271007034248925,4.188664527654617
2027_12_1_1,2021,0.006057157609632819,5.898459132090344
2027_12_1_1,2022,0.008093246179351123,7.4919144405274505
2027_12_1_1,2023,0.0134785599238027,7.394483294407927
2027_12_1_1,2024,0.016387343789817713,8.967484187302425
2027_12_1_1,2025,0.019276155336545697,10.289752646201414
2027_12_1_1,2026,0.023822139342675228,10.61909303741024
2027_12_1_1,2027,0.028292761503222894,11.28718357921813
2027_12_1_1,2028,0.022064655081767564,10.908596034607262
2027_12_1_1,2029,0.017993048722927885,9.936293779623895
2027_12_1_2,2020,0.0038271007034248925,4.188664527654617
2027_12_1_2,2021,0.006057157609632819,5.898459132090344
2027_12_1_2,2022,0.008093246179351123,7.4919144405274505
2027_12_1_2,2023,0.0134785599238027,7.394483294407927
2027_12_1_2,2024,0.016387343789817713,8.967484187302425
2027_12_1_2,2025,0.019276155336545697,10.289752646201414
2027_12_1_2,2026,0.023822139342675228,10.61909303741024
2027_12_1_2,2027,0.028292761503222894,11.28718357921813
2027_12_1_2,2028,0.02728385476413344,11.046646257665364
2027_12_1_2,2029,0.02606270450717712,10.890582805599424
2027_12_1_3,2020,0.0038271007034248925,4.188664527654617
2027_12_1_3,2021,0.006057157609632819,5.898459132090344
2027_12_1_3,2022,0.008093246179351123,7.4919144405274505
2027_12_1_3,2023,0.0134785599238027,7.394483294407927
2027_12_1_3,2024,0.016387343789817713,8.967484187302425
2027_12_1_3,2025,0.019276155336545697,10.289752646201414
2027_12_1_3,2026,0.023822139342675228,10.61909303741024
2027_12_1_3,2027,0.028292761503222894,11.28718357921813
2027_12_1_3,2028,0.027921814594264516,11.355800411869179
2027_12_1_3,2029,0.027386565191926626,11.46449966285033
2027_12_2_1,2020,0.004105216193537782,4.63309422695355
2027_12_2_1,2021,0.006618331140831648,6.455192502053761
2027_12_2_1,2022,0.008870642515567037,8.151842689803683
2027_12_2_1,2023,0.014658615657715132,8.019015681045483
2027_12_2_1,2024,0.017487000901461908,9.788501423960367
2027_12_2_1,2025,0.020827936615393,11.009897795843274
2027_12_2_1,2026,0.025885357791938318,11.272332752081123
2027_12_2_1,2027,0.0311639286820261,11.793757045627574
2027_12_2_1,2028,0.02466470840414759,11.588610674106775
2027_12_2_1,2029,0.020477906897775622,10.787279873318852
2027_12_2_2,2020,0.004105216193537782,4.63309422695355
2027_12_2_2,2021,0.006618331140831648,6.455192502053761
2027_12_2_2,2022,0.008870642515567037,8.151842689803683
2027_12_2_2,2023,0.014658615657715132,8.019015681045483
2027_12_2_2,2024,0.017487000901461908,9.788501423960367
2027_12_2_2,2025,0.020827936615393,11.009897795843274
2027_12_2_2,2026,0.025885357791938318,11.272332752081123
2027_12_2_2,2027,0.0311639286820261,11.793757045627574
2027_12_2_2,2028,0.03009193163486544,11.591474205655269
2027_12_2_2,2029,0.028784649416828796,11.479381341485864
2027_12_2_3,2020,0.004105216193537782,4.63309422695355
2027_12_2_3,2021,0.006618331140831648,6.455192502053761
2027_12_2_3,2022,0.008870642515567037,8.151842689803683
2027_12_2_3,2023,0.014658615657715132,8.019015681045483
2027_12_2_3,2024,0.017487000901461908,9.788501423960367
2027_12_2_3,2025,0.020827936615393,11.009897795843274
2027_12_2_3,2026,0.025885357791938318,11.272332752081123
2027_12_2_3,2027,0.0311639286820261,11.793757045627574
2027_12_2_3,2028,0.03079133185785101,11.854566177246584
2027_12_2_3,2029,0.0302171387123365,11.967192513643166
2027_13_0_1,2020,0.0032011577630944054,6.332394141254158
2027_13_0_1,2021,0.00606999295377122,8.468077781577122
2027_13_0_1,2022,0.013341565153119976,7.872634549964357
2027_13_0_1,2023,0.01826191138328914,9.938627867997642
2027_13_0_1,2024,0.02549609757285346,10.689284250822611
2027_13_0_1,2025,0.03138675634652226,12.221495785760299
2027_13_0_1,2026,0.0357359147073595,14.000403541542331
2027_13_0_1,2027,0.043038963496818634,14.315747603361473
2027_13_0_1,2028,0.03519572467303327,13.80708216097964
2027_13_0_1,2029,0.029883821371307843,12.598251694276755
2027_13_0_2,2020,0.0032011577630944054,6.332394141254158
2027_13_0_2,2021,0.00606999295377122,8.468077781577122
2027_13_0_2,2022,0.013341565153119976,7.872634549964357
2027_13_0_2,2023,0.01826191138328914,9.938627867997642
2027_13_0_2,2024,0.02549609757285346,10.689284250822611
2027_13_0_2,2025,0.03138675634652226,12.221495785760299
2027_13_0_2,2026,0.0357359147073595,14.000403541542331
2027_13_0_2,2027,0.043038963496818634,14.315747603361473
2027_13_0_2,2028,0.040658906437477965,14.400407713593314
2027_13_0_2,2029,0.03808772357305253,14.588524864522078
2027_13_0_3,2020,0.0032011577630944054,6.332394141254158
2027_13_0_3,2021,0.00606999295377122,8.468077781577122
2027_13_0_3,2022,0.013341565153119976,7.872634549964357
2027_13_0_3,2023,0.01826191138328914,9.938627867997642
2027_13_0_3,2024,0.02549609757285346,10.689284250822611
2027_13_0_3,2025,0.03138675634652226,12.221495785760299
2027_13_0_3,2026,0.0357359147073595,14.000403541542331
2027_13_0_3,2027,0.043038963496818634,14.315747603361473
2027_13_0_3,2028,0.04251268514002849,14.372551505885585
2027_13_0_3,2029,0.042765666907353964,14.149458440009663
2027_13_1_1,2020,0.004141985683266171,5.2089159883518
2027_13_1_1,2021,0.007069412372599844,7.670019320462246
2027_13_1_1,2022,0.014440154929420745,7.575264093048684
2027_13_1_1,2023,0.019444044762421633,9.6358324391651
2027_13_1_1,2024,0.02673956134714549,10.46670714079414
2027_13_1_1,2025,0.03270149048282746,11.996649068854357
2027_13_1_1,2026,0.037075771888999125,13.7631084966899
2027_13_1_1,2027,0.04439551063241704,14.129669110850227
2027_13_1_1,2028,0.03653163482907556,13.596039572464226
2027_13_1_1,2029,0.031212387733303672,12.391414526160023
2027_13_1_2,2020,0.004141985683266171,5.2089159883518
2027_13_1_2,2021,0.007069412372599844,7.670019320462246
2027_13_1_2,2022,0.014440154929420745,7.575264093048684
2027_13_1_2,2023,0.019444044762421633,9.6358324391651
2027_13_1_2,2024,0.02673956134714549,10.46670714079414
2027_13_1_2,2025,0.03270149048282746,11.996649068854357
2027_13_1_2,2026,0.037075771888999125,13.7631084966899
2027_13_1_2,2027,0.04439551063241704,14.129669110850227
2027_13_1_2,2028,0.04201233862193039,14.199730660126047
2027_13_1_2,2029,0.03942664789650163,14.370522926042796
2027_13_1_3,2020,0.004141985683266171,5.2089159883518
2027_13_1_3,2021,0.007069412372599844,7.670019320462246
2027_13_1_3,2022,0.014440154929420745,7.575264093048684
2027_13_1_3,2023,0.019444044762421633,9.6358324391651
2027_13_1_3,2024,0.02673956134714549,10.46670714079414
2027_13_1_3,2025,0.03270149048282746,11.996649068854357
2027_13_1_3,2026,0.037075771888999125,13.7631084966899
2027_13_1_3,2027,0.04439551063241704,14.129669110850227
2027_13_1_3,2028,0.043867298447447696,14.182423631352169
2027_13_1_3,2029,0.04412919231275862,13.963270376695068
2027_13_2_1,2020,0.004427609064022785,5.6260893925548014
2027_13_2_1,2021,0.007628379704671069,8.149116024344531
2027_13_2_1,2022,0.015395743226523588,7.975287944578226
2027_13_2_1,2023,0.02054425159560755,10.110894857768763
2027_13_2_1,2024,0.028187041597331507,10.90105732048339
2027_13_2_1,2025,0.034460515401958075,12.410224354558286
2027_13_2_1,2026,0.03969856525248122,13.9879583480338
2027_13_2_1,2027,0.047574414341591736,14.366756756021537
2027_13_2_1,2028,0.03947142789056556,13.926694779528107
2027_13_2_1,2029,0.03410611143427512,12.80256323989107
2027_13_2_2,2020,0.004427609064022785,5.6260893925548014
2027_13_2_2,2021,0.007628379704671069,8.149116024344531
2027_13_2_2,2022,0.015395743226523588,7.975287944578226
2027_13_2_2,2023,0.02054425159560755,10.110894857768763
2027_13_2_2,2024,0.028187041597331507,10.90105732048339
2027_13_2_2,2025,0.034460515401958075,12.410224354558286
2027_13_2_2,2026,0.03969856525248122,13.9879583480338
2027_13_2_2,2027,0.047574414341591736,14.366756756021537
2027_13_2_2,2028,0.04513274327760559,14.444110529296676
2027_13_2_2,2029,0.0424358513602217,14.634252752275263
2027_13_2_3,2020,0.004427609064022785,5.6260893925548014
2027_13_2_3,2021,0.007628379704671069,8.149116024344531
2027_13_2_3,2022,0.015395743226523588,7.975287944578226
2027_13_2_3,2023,0.02054425159560755,10.110894857768763
2027_13_2_3,2024,0.028187041597331507,10.90105732048339
2027_13_2_3,2025,0.034460515401958075,12.410224354558286
2027_13_2_3,2026,0.03969856525248122,13.9879583480338
2027_13_2_3,2027,0.047574414341591736,14.366756756021537
2027_13_2_3,2028,0.04701775349877402,14.420927842880456
2027_13_2_3,2029,0.047275820890536335,14.208460991728858
2027_14_0_1,2020,0.004849088914697529,5.448317489443577
2027_14_0_1,2021,0.011212706074622584,6.623870026175125
2027_14_0_1,2022,0.017966842519007528,9.320628055533183
2027_14_0_1,2023,0.027795813766908595,10.527944519262718
2027_14_0_1,2024,0.03438983215620642,13.246453273650392
2027_14_0_1,2025,0.04294986297563241,14.73444646226653
2027_14_0_1,2026,0.06268924457463172,13.66593780477347
2027_14_0_1,2027,0.07027351050342157,15.889716854669611
2027_14_0_1,2028,0.06178283369639256,14.403108530796063
2027_14_0_1,2029,0.05235868230173346,13.323882435017945
2027_14_0_2,2020,0.004849088914697529,5.448317489443577
2027_14_0_2,2021,0.011212706074622584,6.623870026175125
2027_14_0_2,2022,0.017966842519007528,9.320628055533183
2027_14_0_2,2023,0.027795813766908595,10.527944519262718
2027_14_0_2,2024,0.03438983215620642,13.246453273650392
2027_14_0_2,2025,0.04294986297563241,14.73444646226653
2027_14_0_2,2026,0.06268924457463172,13.66593780477347
2027_14_0_2,2027,0.07027351050342157,15.889716854669611
2027_14_0_2,2028,0.06838700980065593,15.538920183574458
2027_14_0_2,2029,0.06549551010789194,15.44425758856841
2027_14_0_3,2020,0.004849088914697529,5.448317489443577
2027_14_0_3,2021,0.011212706074622584,6.623870026175125
2027_14_0_3,2022,0.017966842519007528,9.320628055533183
2027_14_0_3,2023,0.027795813766908595,10.527944519262718
2027_14_0_3,2024,0.03438983215620642,13.246453273650392
2027_14_0_3,2025,0.04294986297563241,14.73444646226653
2027_14_0_3,2026,0.06268924457463172,13.66593780477347
2027_14_0_3,2027,0.07027351050342157,15.889716854669611
2027_14_0_3,2028,0.0691801738322078,15.97744172875017
2027_14_0_3,2029,0.06961437343222289,15.714856023716973
2027_14_1_1,2020,0.005810013091509121,4.806223573513884
2027_14_1_1,2021,0.012292405763658028,6.304456317735922
2027_14_1_1,2022,0.019083780956816516,9.036569511451832
2027_14_1_1,2023,0.028981514574966723,10.32642028716373
2027_14_1_1,2024,0.03568650402732442,12.993991047614747
2027_14_1_1,2025,0.044258516371138465,14.515944109970558
2027_14_1_1,2026,0.06399977094462227,13.555261734337133
2027_14_1_1,2027,0.07176211062960657,15.727818422327836
2027_14_1_1,2028,0.06321809825222675,14.260650491009633
2027_14_1_1,2029,0.05380444828211278,13.175781481382856
2027_14_1_2,2020,0.005810013091509121,4.806223573513884
2027_14_1_2,2021,0.012292405763658028,6.304456317735922
2027_14_1_2,2022,0.019083780956816516,9.036569511451832
2027_14_1_2,2023,0.028981514574966723,10.32642028716373
2027_14_1_2,2024,0.03568650402732442,12.993991047614747
2027_14_1_2,2025,0.044258516371138465,14.515944109970558
2027_14_1_2,2026,0.06399977094462227,13.555261734337133
2027_14_1_2,2027,0.07176211062960657,15.727818422327836
2027_14_1_2,2028,0.06986734949115846,15.380786135957848
2027_14_1_2,2029,0.0669766173830787,15.279670022368261
2027_14_1_3,2020,0.005810013091509121,4.806223573513884
2027_14_1_3,2021,0.012292405763658028,6.304456317735922
2027_14_1_3,2022,0.019083780956816516,9.036569511451832
2027_14_1_3,2023,0.028981514574966723,10.32642028716373
2027_14_1_3,2024,0.03568650402732442,12.993991047614747
2027_14_1_3,2025,0.044258516371138465,14.515944109970558
2027_14_1_3,2026,0.06399977094462227,13.555261734337133
2027_14_1_3,2027,0.07176211062960657,15.727818422327836
2027_14_1_3,2028,0.07066330561864138,15.812168073934762
2027_14_1_3,2029,0.07109882696039434,15.55523462800982
2027_14_2_1,2020,0.006082701380299129,5.194091461942866
2027_14_2_1,2021,0.012793455450241282,6.748333510788178
2027_14_2_1,2022,0.020109390726262347,9.330124908991849
2027_14_2_1,2023,0.030195488578654738,10.664841916159048
2027_14_2_1,2024,0.03712322419565811,13.320878179441749
2027_14_2_1,2025,0.04648249093242785,14.684342127651767
2027_14_2_1,2026,0.06673444452532969,13.770768139249995
2027_14_2_1,2027,0.07531323002646752,15.839853390378998
2027_14_2_1,2028,0.0666561894073437,14.436953900256304
2027_14_2_1,2029,0.05707336486606365,13.425542830281065
2027_14_2_2,2020,0.006082701380299129,5.194091461942866
2027_14_2_2,2021,0.012793455450241282,6.748333510788178
2027_14_2_2,2022,0.020109390726262347,9.330124908991849
2027_14_2_2,2023,0.030195488578654738,10.664841916159048
2027_14_2_2,2024,0.03712322419565811,13.320878179441749
2027_14_2_2,2025,0.04648249093242785,14.684342127651767
2027_14_2_2,2026,0.06673444452532969,13.770768139249995
2027_14_2_2,2027,0.07531323002646752,15.839853390378998
2027_14_2_2,2028,0.07346611235782521,15.489787668507002
2027_14_2_2,2029,0.0705250865701016,15.395026851059296
2027_14_2_3,2020,0.006082701380299129,5.194091461942866
2027_14_2_3,2021,0.012793455450241282,6.748333510788178
2027_14_2_3,2022,0.020109390726262347,9.330124908991849
2027_14_2_3,2023,0.030195488578654738,10.664841916159048
2027_14_2_3,2024,0.03712322419565811,13.320878179441749
2027_14_2_3,2025,0.04648249093242785,14.684342127651767
2027_14_2_3,2026,0.06673444452532969,13.770768139249995
2027_14_2_3,2027,0.07531323002646752,15.839853390378998
2027_14_2_3,2028,0.07419060470431599,15.922422210996212
2027_14_2_3,2029,0.0746523212514967,15.666054278075027
2027_15_0_1,2020,0.0052962294246863,6.627661389792032
2027_15_0_1,2021,0.014278972240666305,7.969742269691134
2027_15_0_1,2022,0.022624538824482454,11.199732204772797
2027_15_0_1,2023,0.034748280310391726,13.251935442843298
2027_15_0_1,2024,0.05367441235145925,13.224624568455901
2027_15_0_1,2025,0.07001499486574148,14.955376847553437
2027_15_0_1,2026,0.08433636324985397,16.712224264540996
2027_15_0_1,2027,0.0969357469362451,18.527106057665776
2027_15_0_1,2028,0.08691081625951284,16.945559088306894
2027_15_0_1,2029,0.07402737264177042,16.118826884791954
2027_15_0_2,2020,0.0052962294246863,6.627661389792032
2027_15_0_2,2021,0.014278972240666305,7.969742269691134
2027_15_0_2,2022,0.022624538824482454,11.199732204772797
2027_15_0_2,2023,0.034748280310391726,13.251935442843298
2027_15_0_2,2024,0.05367441235145925,13.224624568455901
2027_15_0_2,2025,0.07001499486574148,14.955376847553437
2027_15_0_2,2026,0.08433636324985397,16.712224264540996
2027_15_0_2,2027,0.0969357469362451,18.527106057665776
2027_15_0_2,2028,0.09338050506076373,18.401566254648536
2027_15_0_2,2029,0.09092335584950217,18.10405145091173
2027_15_0_3,2020,0.0052962294246863,6.627661389792032
2027_15_0_3,2021,0.014278972240666305,7.969742269691134
2027_15_0_3,2022,0.022624538824482454,11.199732204772797
2027_15_0_3,2023,0.034748280310391726,13.251935442843298
2027_15_0_3,2024,0.05367441235145925,13.224624568455901
2027_15_0_3,2025,0.07001499486574148,14.955376847553437
2027_15_0_3,2026,0.08433636324985397,16.712224264540996
2027_15_0_3,2027,0.0969357469362451,18.527106057665776
2027_15_0_3,2028,0.09489231698954319,18.739090997885295
2027_15_0_3,2029,0.09343903116037092,18.854607131430473
2027_15_1_1,2020,0.006257153601497892,5.880584794666797
2027_15_1_1,2021,0.01535153994248997,7.6473771643427035
2027_15_1_1,2022,0.023759875594725324,10.898811948522996
2027_15_1_1,2023,0.03595435805453991,13.009620498564583
2027_15_1_1,2024,0.05493324460838061,13.083575181934718
2027_15_1_1,2025,0.07126912815322484,14.835885044643225
2027_15_1_1,2026,0.08575954706306185,16.569097328556225
2027_15_1_1,2027,0.09842647661953956,18.37541037005841
2027_15_1_1,2028,0.08844764052467101,16.79201847225164
2027_15_1_1,2029,0.07552291580921397,15.960131768591141
2027_15_1_2,2020,0.006257153601497892,5.880584794666797
2027_15_1_2,2021,0.01535153994248997,7.6473771643427035
2027_15_1_2,2022,0.023759875594725324,10.898811948522996
2027_15_1_2,2023,0.03595435805453991,13.009620498564583
2027_15_1_2,2024,0.05493324460838061,13.083575181934718
2027_15_1_2,2025,0.07126912815322484,14.835885044643225
2027_15_1_2,2026,0.08575954706306185,16.569097328556225
2027_15_1_2,2027,0.09842647661953956,18.37541037005841
2027_15_1_2,2028,0.09488960955284044,18.24198195660831
2027_15_1_2,2029,0.09242448713734228,17.94565573716864
2027_15_1_3,2020,0.006257153601497892,5.880584794666797
2027_15_1_3,2021,0.01535153994248997,7.6473771643427035
2027_15_1_3,2022,0.023759875594725324,10.898811948522996
2027_15_1_3,2023,0.03595435805453991,13.009620498564583
2027_15_1_3,2024,0.05493324460838061,13.083575181934718
2027_15_1_3,2025,0.07126912815322484,14.835885044643225
2027_15_1_3,2026,0.08575954706306185,16.569097328556225
2027_15_1_3,2027,0.09842647661953956,18.37541037005841
2027_15_1_3,2028,0.0963781406884287,18.5815151002575
2027_15_1_3,2029,0.09491417180784993,18.694290227256324
2027_15_2_1,2020,0.006558152529342077,6.229823049716156
2027_15_2_1,2021,0.01587113327914513,8.009707508200718
2027_15_2_1,2022,0.02481125321678814,11.117981917331097
2027_15_2_1,2023,0.037254237917328265,13.229519280017286
2027_15_2_1,2024,0.05662172841391578,13.292947543019439
2027_15_2_1,2025,0.07372309006205667,14.949632433980021
2027_15_2_1,2026,0.08884097558671718,16.640283300133415
2027_15_2_1,2027,0.10176024802826215,18.470855350846023
2027_15_2_1,2028,0.09185996395030627,16.909656947011722
2027_15_2_1,2029,0.07899072481518236,16.08023325221121
2027_15_2_2,2020,0.006558152529342077,6.229823049716156
2027_15_2_2,2021,0.01587113327914513,8.009707508200718
2027_15_2_2,2022,0.02481125321678814,11.117981917331097
2027_15_2_2,2023,0.037254237917328265,13.229519280017286
2027_15_2_2,2024,0.05662172841391578,13.292947543019439
2027_15_2_2,2025,0.07372309006205667,14.949632433980021
2027_15_2_2,2026,0.08884097558671718,16.640283300133415
2027_15_2_2,2027,0.10176024802826215,18.470855350846023
2027_15_2_2,2028,0.098193819939904,18.342716450573715
2027_15_2_2,2029,0.09578149743172647,18.03944272002234
2027_15_2_3,2020,0.006558152529342077,6.229823049716156
2027_15_2_3,2021,0.01587113327914513,8.009707508200718
2027_15_2_3,2022,0.02481125321678814,11.117981917331097
2027_15_2_3,2023,0.037254237917328265,13.229519280017286
2027_15_2_3,2024,0.05662172841391578,13.292947543019439
2027_15_2_3,2025,0.07372309006205667,14.949632433980021
2027_15_2_3,2026,0.08884097558671718,16.640283300133415
2027_15_2_3,2027,0.10176024802826215,18.470855350846023
2027_15_2_3,2028,0.09963571264352994,18.68237129583178
2027_15_2_3,2029,0.09813405570413047,18.795443960104713
rtw,2020,0.009390953902229684,10.636488532640406
rtw,2021,0.023452047462555612,13.00106565562851
rtw,2022,0.04370194920833557,15.213757552879724
rtw,2023,0.07620883940498836,16.0828448288189
rtw,2024,0.1040307016025121,18.650259974992576
rtw,2025,0.12758195755486473,21.17465299022901
rtw,2026,0.12693144115993324,21.181180364518607
rtw,2027,0.1262896979916116,21.158269824379246
rtw,2028,0.1267444208904242,20.98898412985955
rtw,2029,0.1267925833934639,20.884612747589852
rtw_ap,2020,0.007814577593002737,11.021982110014205
rtw_ap,2021,0.020661526690742355,10.740683568283696
rtw_ap,2022,0.03508315302197237,12.875941610003709
rtw_ap,2023,0.04999301021989131,15.290047092690644
rtw_ap,2024,0.07530280915991537,16.13440114288136
rtw_ap,2025,0.09778731927981933,17.64203881107158
rtw_ap,2026,0.11265717286452132,20.31464044913609
rtw_ap,2027,0.11164558958142018,20.39548530108912
rtw_ap,2028,0.1107247519457441,20.506915693339757
rtw_ap,2029,0.10956148814981932,20.565389084886558
