series,d1,d2,d3,d4,d5,d6,d7,d8,d9,d10,all,factor,year
Average Market Income (2025 Dollars),21294.39949415920,41806.63287590860,54280.91984344830,66823.79622458430,84039.57150971480,102484.02802803200,130172.74692806300,168596.57997145000,228181.52778442500,672211.50223737700,155654.26273851300,components,2025.00000000000
Average Market Income (2025 Dollars),21416.80944891590,41247.13220685900,54168.46631829440,66504.36266284490,83162.41274574370,103505.24365444800,132273.90144924700,170643.52228892400,230704.57952382200,671298.37280706500,155779.56517549200,components,2026.00000000000
Average Market Income (2025 Dollars),21431.57550592270,40986.29096836520,54102.80659195140,66580.00782961680,83509.51449830410,103697.74388572100,133433.63243879800,171606.68415446900,232488.41457719100,673070.39598733700,155882.62890440400,components,2027.00000000000
Average Market Income (2025 Dollars),21751.71829393520,41520.57793011620,54065.74134609850,67165.43627030940,84014.00182247860,105098.55767724400,134282.71242439300,173318.55675969400,236244.85886571600,678032.95299987500,157279.25034017600,components,2028.00000000000
Average Market Income (2025 Dollars),22531.31098467890,42670.54430724590,54896.98651088660,68079.44769898370,85166.89220905840,105806.50729869500,136405.33792898100,176170.29309690100,239262.87769740200,684131.70245012700,159437.77344406900,components,2029.00000000000
Average Market Income (2025 Dollars),23131.81368257760,43278.85521546740,55855.87456577410,69130.05336939350,85875.83289463490,107834.85164962000,137981.80576722100,178094.47326791100,243236.64269480300,691119.30482661800,161427.16013510800,components,2030.00000000000
Average Market Income (2025 Dollars),23251.59422271540,43229.08831702540,56270.54449025090,68382.58319623090,85878.12438991270,107675.09299113000,138745.41298651200,179453.64848040300,244754.11986916000,695635.19913850600,161788.33534828500,components,2031.00000000000
Average Market Income (2025 Dollars),23599.28863974850,43953.56780614760,55883.92592222250,69474.03641322740,87146.47912494140,108419.18821392300,140324.04652130700,180562.93914550500,247191.79272812400,701435.81629152600,163211.68959249900,components,2032.00000000000
Average Market Income (2025 Dollars),23993.66219804310,45308.73707066940,57438.05591086470,70246.43136465730,87957.53550964530,110166.20299126400,142563.32690942400,182998.09251930200,250768.33517317600,711568.70484076800,165789.81127496800,components,2033.00000000000
Average Market Income (2025 Dollars),24707.93588369810,46035.63998004250,57973.99282769750,71849.32666383330,89036.47843791860,111749.66175964100,143853.73945441900,185113.97007074200,254115.70413239700,721946.77851433200,168165.85605884100,components,2034.00000000000
Social Insurance Benefits (2025 Dollars),7919.87300022840,10615.43604292280,13195.92532684040,16335.92892950760,18578.86137571050,21274.17996082180,22172.92401074670,21881.41580297280,22846.78697696390,22030.16557048090,17613.51366987490,components,2025.00000000000
Social Insurance Benefits (2025 Dollars),8227.26732388233,11119.66570451840,13727.49705418740,16952.90004004420,19501.67614864380,21529.41440925650,22149.75014759540,21968.31176009690,23059.38681519770,21933.68497163420,17934.41060214140,components,2026.00000000000
Social Insurance Benefits (2025 Dollars),8445.22859678355,11796.68337260400,14442.50308356770,17386.83798090510,19996.55833780030,22168.04055833400,22496.65986121480,22667.27619093340,23531.53415493230,22084.60663668450,18400.03241844350,components,2027.00000000000
Social Insurance Benefits (2025 Dollars),8397.03047068110,12028.28664087900,14995.42310011110,17985.88719458830,20932.13769290460,22720.47978784670,23592.26460484220,23499.26548442850,24339.29896441890,22603.73522488280,19006.49138884070,components,2028.00000000000
Social Insurance Benefits (2025 Dollars),8298.60990773648,11908.86707569290,15516.47192622130,18489.62276307790,21489.53656965500,23985.85332307790,24741.68631701530,24388.06430545050,25391.52669733250,23379.56538289600,19669.71744524660,components,2029.00000000000
Social Insurance Benefits (2025 Dollars),8257.79286193007,11993.94401474380,15811.66632303000,19459.54303050120,22331.65929406490,24707.42152051750,25463.21722476610,25440.67219615100,26182.25785840680,24210.49626031270,20293.07000470650,components,2030.00000000000
Social Insurance Benefits (2025 Dollars),8649.85664705796,12545.81798283780,16114.16326121170,19899.51384725230,23240.30651740720,25105.03619289410,25631.10063319400,25787.79156840090,26492.57568470620,24362.31966814030,20685.42781498890,components,2031.00000000000
Social Insurance Benefits (2025 Dollars),8624.45901975444,12702.04605134900,17018.50410381240,20225.56620267160,23486.19749284960,25912.06628783210,26417.96521829840,26664.97264365740,27238.97379753180,24921.73030761200,21221.09379594380,components,2032.00000000000
Social Insurance Benefits (2025 Dollars),8669.25728156457,12500.50224961660,17232.07113994690,21061.45786851370,24146.63459896600,26910.12187178490,27217.11037171380,27560.79234465230,28308.55915589500,25747.83408712560,21838.28756062300,components,2033.00000000000
Social Insurance Benefits (2025 Dollars),8596.04915897126,12666.05575732090,17836.28105145570,21017.59045268990,24879.79373034110,27500.76469541870,28086.46644669620,28779.97317876480,29107.67367389670,26533.76621337990,22411.95981828310,components,2034.00000000000
Means Tested Transfers (2025 Dollars),9330.07424638670,11263.69716892130,12211.73451787340,12179.66658473770,11120.33185239440,9347.08611475406,7355.57563696402,5748.34246776506,3872.99583523536,1894.10033992789,8468.54674895292,components,2025.00000000000
Means Tested Transfers (2025 Dollars),9397.82166629110,11285.41064766930,12386.01972628770,12180.86838115600,11137.93754384320,9527.29130615069,7497.67183566903,5695.73468896001,3870.53528924516,1952.69623463921,8544.61840550728,components,2026.00000000000
Means Tested Transfers (2025 Dollars),9361.54351662603,11460.59318402880,12498.27422777010,12296.45019735470,11450.31093490850,9475.18491781668,7431.52663146324,5948.47774677357,4064.45673490093,2049.69004367890,8661.13057622940,components,2027.00000000000
Means Tested Transfers (2025 Dollars),9693.29866267121,11543.88060560070,12554.32438300940,12403.59479729950,11316.61682981650,9526.19016448602,7509.42690426267,5964.82705561166,4130.23551244831,2059.80163741910,8735.05406021339,components,2028.00000000000
Means Tested Transfers (2025 Dollars),9807.18584062835,11991.75975285360,12642.16101709950,12666.05030880390,11693.98073168830,9638.16812490446,7473.82685939197,5939.47667309068,4194.06730844302,2211.15896547463,8891.18594406661,components,2029.00000000000
Means Tested Transfers (2025 Dollars),10083.00186757140,12040.40675096730,12785.61805043810,12345.29897264790,11899.48325349340,9771.74834185766,7664.68846657334,6341.71467059934,4261.63162921271,2185.56449708301,9003.43420300289,components,2030.00000000000
Means Tested Transfers (2025 Dollars),9875.20995810556,11905.30512579510,12777.98442909680,12946.00825393450,11566.73254253490,9847.78093406662,7818.09749082408,6257.14136381561,4248.05490745811,2211.88817720619,9020.68111120530,components,2031.00000000000
Means Tested Transfers (2025 Dollars),10107.94175968510,11894.69367121810,12793.93868000040,12706.22761739450,11786.44955717820,9884.38971218340,8128.87933457295,6274.66463250908,4291.24861407267,2223.48563764764,9088.50860744878,components,2032.00000000000
Means Tested Transfers (2025 Dollars),10223.89311987570,12082.22989884470,12793.01120941670,13097.41644787810,12223.32287585920,9768.69957246696,8139.85829205268,6435.91160926118,4440.57107358802,2335.97179314081,9232.31523534449,components,2033.00000000000
Means Tested Transfers (2025 Dollars),10449.31530579260,12349.89757579340,12941.62536308240,13058.33346593920,12318.87160367540,10015.35996984590,8369.16144450172,6438.70779884215,4583.02575567078,2310.85592689962,9362.03456812344,components,2034.00000000000
Federal Taxes (2025 Dollars),-1367.08694183358,-3501.01193014978,-7008.14288516762,-10239.39974659400,-14001.04086758350,-18751.49100100940,-25777.03557944130,-35782.42305120340,-51527.90245858270,-198590.06993450100,-36311.51149369950,components,2025.00000000000
Federal Taxes (2025 Dollars),-1484.64480989060,-3603.03221727236,-7163.87863799221,-10199.99305952920,-13892.68001186970,-19063.01385713450,-26302.58739228200,-36314.86380108090,-52216.13847908990,-197716.32426472600,-36344.40059597460,components,2026.00000000000
Federal Taxes (2025 Dollars),-1637.81746021270,-3741.06146112624,-7180.98710539559,-10182.70227903950,-14002.41060626390,-18953.54933368760,-26562.25629759480,-36317.26209849630,-52388.33215551270,-197062.35173027200,-36213.81879415490,components,2027.00000000000
Federal Taxes (2025 Dollars),-1660.13204289047,-3915.08769360074,-7250.98994410745,-10384.17222378810,-14080.44422162060,-19294.05831291630,-26627.92433019330,-36775.50161345950,-53252.06933130190,-197614.54488628500,-36478.88607336870,components,2028.00000000000
Federal Taxes (2025 Dollars),-1673.23124492581,-4094.84608797537,-7529.42315903794,-10596.02054866790,-14428.76740384330,-19595.95031576190,-27060.35118783760,-37436.22111490890,-54040.00628484560,-197983.22381771500,-36889.65221729790,components,2029.00000000000
Federal Taxes (2025 Dollars),-1807.71398626981,-4222.73750266633,-7778.04353509970,-10889.84811864390,-14705.82737679220,-20029.12468992730,-27549.39737595510,-37921.99571139400,-55009.62334321220,-199766.93889779500,-37398.79761823490,components,2030.00000000000
Federal Taxes (2025 Dollars),-1824.27338354356,-4257.78189531129,-7862.99962012714,-10774.06545357680,-14674.57582689490,-19992.77430924490,-27708.65790606370,-38241.77442388650,-55374.46545007310,-200923.81952903100,-37474.80748554870,components,2031.00000000000
Federal Taxes (2025 Dollars),-1850.64187344605,-4483.33505331908,-7848.39287242473,-11080.44294652740,-14976.60050696200,-20184.58604109750,-28084.47064153130,-38472.42328556970,-56004.71998546150,-202656.50563758700,-37862.53542024360,components,2032.00000000000
Federal Taxes (2025 Dollars),-1865.79481727311,-4597.69966811182,-8270.67148443688,-11277.61786846850,-15224.20598648000,-20617.85214353770,-28720.61073729050,-39226.44644441390,-57109.16430451510,-206316.90492145900,-38638.75631753790,components,2033.00000000000
Federal Taxes (2025 Dollars),-2004.09537074729,-4854.92737613370,-8365.83794087190,-11672.32375925770,-15563.47968141790,-21109.32209086900,-29021.16444191150,-39820.18302611200,-58052.83464284000,-209593.77251530000,-39326.40411261160,components,2034.00000000000
Income After Transfers and Taxes (2025 Dollars),37177.25979894070,60184.75415760290,72680.43680299440,85099.99199223550,99737.72387023630,114353.80310259900,133924.21099633200,160443.91519098500,203373.40813804100,497545.69821328500,145424.81166364100,components,2025.00000000000
Income After Transfers and Taxes (2025 Dollars),37557.25362919880,60049.17634177430,73118.10446077720,85438.13802451590,99909.34642636110,115498.93551272100,135618.73604023000,161992.70493690000,205418.36314917500,497468.42974861200,145914.19358716600,components,2026.00000000000
Income After Transfers and Taxes (2025 Dollars),37600.53015911960,60502.50606387160,73862.59679789360,86080.59372883710,100953.97316474900,116387.42002818400,136799.56263388100,163905.17599367900,207696.07331151100,500142.34093742900,146729.97310492200,components,2027.00000000000
Income After Transfers and Taxes (2025 Dollars),38181.91538439700,61177.65748299510,74364.49888511140,87170.74603840910,102182.31212357900,118051.16931666100,138756.47960330500,166007.14768627400,211462.32401128100,505081.94497589300,148541.90971586100,components,2028.00000000000
Income After Transfers and Taxes (2025 Dollars),38963.87548811790,62476.32504781710,75526.19629516950,88639.10022219760,103921.64210655800,119834.57843091600,141560.49991755100,169061.61296053400,214808.46541833200,511739.20298078300,151109.02461608400,components,2029.00000000000
Income After Transfers and Taxes (2025 Dollars),39664.89442580930,63090.46847851220,76675.11540414250,90045.04725389870,105401.14806540100,122284.89682206700,143560.31408260500,171954.86442326700,218670.90883921000,517748.42668621900,153324.86672458200,components,2030.00000000000
Income After Transfers and Taxes (2025 Dollars),39952.38744433540,63422.42953034700,77299.69256043230,90454.03984384090,106010.58762296000,122635.13580884600,144485.95320446600,173256.80698873300,220120.28501125100,521285.58745482100,154019.63678893000,components,2031.00000000000
Income After Transfers and Taxes (2025 Dollars),40481.04754574190,64066.97247539570,77847.97583361060,91325.38728676620,107442.52566800700,124031.05817284100,146786.42043264700,175030.15313610200,222717.29515426700,525924.52659919900,155658.75657564800,components,2032.00000000000
Income After Transfers and Taxes (2025 Dollars),41021.01778221030,65293.76955101890,79192.46677579150,93127.68781258060,109103.28699799100,126227.17229197800,149199.68483590000,177768.35002880100,226408.30109814400,533335.60579957500,158221.65775339700,components,2033.00000000000
Income After Transfers and Taxes (2025 Dollars),41749.20497771460,66196.66593702300,80386.06130136360,94252.92682320480,110671.66409051700,128156.46433403600,151288.20290370600,180512.46802223700,229753.56891912400,541197.62813931200,160613.44633263600,components,2034.00000000000
Total Nominal Change (Billions of dollars),0.00000000000,0.00000000000,0.00000000000,0.00000000000,0.00000000000,0.00000000000,0.00000000000,0.00000000000,0.00000000000,0.00000000000,0.00000000000,Federal Taxes and Cash Transfers,2025.00000000000
Total Nominal Change (Billions of dollars),3.62877766596,7.98957850043,11.92908683678,16.98454078226,23.73495148699,31.43238149469,39.77623389383,51.26341431207,71.45546934881,270.97510773025,529.16954205207,Federal Taxes and Cash Transfers,2026.00000000000
Total Nominal Change (Billions of dollars),3.89618832172,8.34600779943,12.49481390134,17.90005528198,25.05253201897,33.12716249207,42.20755165826,54.00228089340,75.53123597296,283.93252149747,556.49034983760,Federal Taxes and Cash Transfers,2027.00000000000
Total Nominal Change (Billions of dollars),2.19814240992,5.80218005421,9.56116129039,14.18561872160,20.75920338975,28.09189433767,35.97113778519,46.85086299069,66.73278292029,261.72147436114,491.87445826084,Federal Taxes and Cash Transfers,2028.00000000000
Total Nominal Change (Billions of dollars),0.48791138397,3.12682089138,6.43112798707,10.52487134090,16.30882125479,22.94214430928,29.74605870524,39.55375080070,58.30095134939,240.10134854820,427.52380657092,Federal Taxes and Cash Transfers,2029.00000000000
Total Nominal Change (Billions of dollars),-0.18413429706,2.38881217952,5.84257555862,9.75261573632,15.17273495858,21.17930669002,27.61899310050,35.94318059790,52.56794163870,197.40508245284,367.68710861593,Federal Taxes and Cash Transfers,2030.00000000000
Total Nominal Change (Billions of dollars),-0.89468143228,1.63595674140,5.28537083344,9.00992264555,14.10563380720,19.57321239279,25.35258978871,32.57692633534,47.06505686641,154.23892248090,307.94891045946,Federal Taxes and Cash Transfers,2031.00000000000
Total Nominal Change (Billions of dollars),-0.69026150827,2.14434982025,5.94477307846,10.20141356845,15.64976675197,21.58776067881,27.51655683662,35.59099381173,51.78290807088,171.46997130735,341.19823241625,Federal Taxes and Cash Transfers,2032.00000000000
Total Nominal Change (Billions of dollars),-0.45587461428,2.71221001645,6.85636343708,11.15091834424,16.93861908044,23.47133881610,29.85084104701,38.57975264670,56.53866796400,188.87483846345,374.51767520120,Federal Taxes and Cash Transfers,2033.00000000000
Total Nominal Change (Billions of dollars),-0.47511321251,2.80642214206,7.00620094822,11.79007277496,17.81187656829,24.57539520885,31.28575355079,40.51544987818,59.28433148926,198.11464066732,392.71503001542,Federal Taxes and Cash Transfers,2034.00000000000
Total Change (Billions of 2025 Dollars),0.00000000000,0.00000000000,0.00000000000,0.00000000000,0.00000000000,0.00000000000,0.00000000000,0.00000000000,0.00000000000,0.00000000000,0.00000000000,Federal Taxes and Cash Transfers,2025.00000000000
Total Change (Billions of 2025 Dollars),3.55342883648,7.82368093287,11.68138835188,16.63186961170,23.24211313291,30.77971181600,38.95031041745,50.19896820405,69.97175045756,265.34851413199,518.18173589289,Federal Taxes and Cash Transfers,2026.00000000000
Total Change (Billions of 2025 Dollars),3.73953160819,8.01043414512,11.99242635730,17.18033549406,24.04522769798,31.79519597087,40.51048370794,51.83097418292,72.49429981387,272.51625205383,534.11516103208,Federal Taxes and Cash Transfers,2027.00000000000
Total Change (Billions of 2025 Dollars),2.06837685397,5.45965305640,8.99672588133,13.34818221545,19.53370063950,26.43351211923,33.84761081464,44.08506025882,62.79326715636,246.27095920374,462.83704819945,Federal Taxes and Cash Transfers,2028.00000000000
Total Change (Billions of 2025 Dollars),0.45017808520,2.88500389189,5.93376784808,9.71091592226,15.04755610466,21.16788198619,27.44560629286,36.49480701424,53.79216699230,221.53278012186,394.46066425956,Federal Taxes and Cash Transfers,2029.00000000000
Total Change (Billions of 2025 Dollars),-0.16660774921,2.16143666264,5.28645873666,8.82432758416,13.72854085941,19.16338603829,24.99012052284,32.52198267501,47.56434068427,178.61537473025,332.68936074432,Federal Taxes and Cash Transfers,2030.00000000000
Total Change (Billions of 2025 Dollars),-0.79391239953,1.45169698983,4.69007323658,7.99512435273,12.51689951170,17.36865822482,22.49709747780,28.90774841549,41.76406359057,136.86680938087,273.26425878085,Federal Taxes and Cash Transfers,2031.00000000000
Total Change (Billions of 2025 Dollars),-0.60072736113,1.86620518950,5.17367374698,8.87818338306,13.61982809479,18.78760201712,23.94737121740,30.97446914839,45.06612254043,149.22852012029,296.94124809684,Federal Taxes and Cash Transfers,2032.00000000000
Total Change (Billions of 2025 Dollars),-0.38911503830,2.31502626242,5.85229806145,9.51794612526,14.45807949326,20.03412915805,25.47939892555,32.93002386721,48.25898451254,161.21546956183,319.67224092928,Federal Taxes and Cash Transfers,2033.00000000000
Total Change (Billions of 2025 Dollars),-0.39774621844,2.34942696809,5.86531769577,9.87018827927,14.91140713817,20.57356068776,26.19121051236,33.91795166576,49.63052603477,165.85383666323,328.76567942673,Federal Taxes and Cash Transfers,2034.00000000000
Percentage Share of Change in 2026 dollars,0.00000000000,0.00000000000,0.00000000000,0.00000000000,0.00000000000,0.00000000000,0.00000000000,0.00000000000,0.00000000000,0.00000000000,0.00000000000,Federal Taxes and Cash Transfers,2025.00000000000
Percentage Share of Change in 2026 dollars,0.00685749533,0.01509833402,0.02254303373,0.03209659558,0.04485320791,0.05939945329,0.07516727765,0.09687521718,0.13503322408,0.51207616122,1.00000000000,Federal Taxes and Cash Transfers,2026.00000000000
Percentage Share of Change in 2026 dollars,0.00700135829,0.01499757867,0.02245288513,0.03216597608,0.04501880765,0.05952872768,0.07584597230,0.09704082184,0.13572784505,0.51022002732,1.00000000000,Federal Taxes and Cash Transfers,2027.00000000000
Percentage Share of Change in 2026 dollars,0.00446890944,0.01179605885,0.01943821463,0.02883991735,0.04220427193,0.05711191924,0.07313072915,0.09524963576,0.13567035612,0.53208998753,1.00000000000,Federal Taxes and Cash Transfers,2028.00000000000
Percentage Share of Change in 2026 dollars,0.00114124963,0.00731379363,0.01504273654,0.02461821115,0.03814716515,0.05366284627,0.06957754925,0.09251824154,0.13636890029,0.56160930656,1.00000000000,Federal Taxes and Cash Transfers,2029.00000000000
Percentage Share of Change in 2026 dollars,-0.00050079073,0.00649686139,0.01589007453,0.02652422537,0.04126534383,0.05760143936,0.07511547850,0.09775480226,0.14296922684,0.53688333865,1.00000000000,Federal Taxes and Cash Transfers,2030.00000000000
Percentage Share of Change in 2026 dollars,-0.00290529176,0.00531242906,0.01716314185,0.02925784875,0.04580511029,0.06355993390,0.08232725926,0.10578678875,0.15283397755,0.50085880236,1.00000000000,Federal Taxes and Cash Transfers,2031.00000000000
Percentage Share of Change in 2026 dollars,-0.00202305124,0.00628476239,0.01742322355,0.02989878786,0.04586708038,0.06327043527,0.08064683290,0.10431177665,0.15176780871,0.50255234352,1.00000000000,Federal Taxes and Cash Transfers,2032.00000000000
Percentage Share of Change in 2026 dollars,-0.00121723124,0.00724187454,0.01830718252,0.02977407765,0.04522782288,0.06267084405,0.07970475901,0.10301183416,0.15096395099,0.50431488544,1.00000000000,Federal Taxes and Cash Transfers,2033.00000000000
Percentage Share of Change in 2026 dollars,-0.00120981673,0.00714620508,0.01784041968,0.03002195453,0.04535572924,0.06257818859,0.07966528184,0.10316755607,0.15096017967,0.50447430204,1.00000000000,Federal Taxes and Cash Transfers,2034.00000000000
Annual Average Change (2026 dollars),0.00000000000,0.00000000000,0.00000000000,0.00000000000,0.00000000000,0.00000000000,0.00000000000,0.00000000000,0.00000000000,0.00000000000,0.00000000000,Federal Taxes and Cash Transfers,2025.00000000000
Annual Average Change (2026 dollars),245.58409942300,566.80579523084,842.74828748938,1172.67705419234,1661.42856534470,2201.22389842103,2853.79953155254,3746.89589718801,5264.56374997006,19341.94717379730,3745.59036715335,Federal Taxes and Cash Transfers,2026.00000000000
Annual Average Change (2026 dollars),252.63925063635,570.82992778145,855.89234274519,1192.34525855208,1701.54473807051,2243.87972119640,2932.76201042599,3833.06713897093,5398.31604561842,19722.61895701040,3811.34885406048,Federal Taxes and Cash Transfers,2027.00000000000
Annual Average Change (2026 dollars),140.22401129281,386.79989296076,630.87289435885,922.01859110350,1371.13535373697,1852.73915300583,2438.87853055328,3233.21817248005,4673.54773120921,17720.35567357360,3283.37347827266,Federal Taxes and Cash Transfers,2028.00000000000
Annual Average Change (2026 dollars),30.78207686118,205.55962495519,413.56300860787,665.62479795675,1050.62368622239,1472.88165737764,1977.41011967748,2675.68041733805,3975.15177707556,15880.25219224350,2791.80729232951,Federal Taxes and Cash Transfers,2029.00000000000
Annual Average Change (2026 dollars),-11.38286425723,152.52362247097,367.18266336790,603.45468670177,950.07189433450,1336.76564373800,1782.39166775234,2373.20451953094,3508.79515646857,12751.83332652140,2344.51658948023,Federal Taxes and Cash Transfers,2030.00000000000
Annual Average Change (2026 dollars),-53.41376036280,100.71073080962,320.48302608580,536.36726347949,852.92355408710,1187.73013454455,1584.02646396451,2085.20836278688,3042.79389811270,9673.05898563515,1896.90875889175,Federal Taxes and Cash Transfers,2031.00000000000
Annual Average Change (2026 dollars),-40.29553581094,128.48806713102,348.13768768982,588.20937076196,921.02971515693,1269.29004692813,1684.53602185968,2211.76021159755,3261.80023646262,10456.42284946110,2043.86073386661,Federal Taxes and Cash Transfers,2032.00000000000
Annual Average Change (2026 dollars),-26.13704945551,159.34880870061,392.94304045311,630.13579713519,973.78179350703,1352.79221869056,1788.63629558579,2339.63818239434,3486.66426594830,11265.99029481200,2196.43545504642,Federal Taxes and Cash Transfers,2033.00000000000
Annual Average Change (2026 dollars),-26.85694688522,161.39828049794,394.00372017417,648.65425486045,997.32540273787,1385.03153028633,1827.97181929252,2405.13407282515,3569.79385289232,11561.98399598010,2252.54512248289,Federal Taxes and Cash Transfers,2034.00000000000
Percentage Change in 2026 Dollars of Household Income,0.00000000000,0.00000000000,0.00000000000,0.00000000000,0.00000000000,0.00000000000,0.00000000000,0.00000000000,0.00000000000,0.00000000000,0.00000000000,Federal Taxes and Cash Transfers,2025.00000000000
Percentage Change in 2026 Dollars of Household Income,0.00653892592,0.00943902697,0.01152584977,0.01372545190,0.01662936076,0.01905839122,0.02104281174,0.02313002859,0.02562849625,0.03888075306,0.02566981508,Federal Taxes and Cash Transfers,2026.00000000000
Percentage Change in 2026 Dollars of Household Income,0.00671903427,0.00943481460,0.01158762865,0.01385149901,0.01685465846,0.01927940082,0.02143838733,0.02338588221,0.02599142083,0.03943401177,0.02597525763,Federal Taxes and Cash Transfers,2027.00000000000
Percentage Change in 2026 Dollars of Household Income,0.00367252428,0.00632256789,0.00848352243,0.01057715613,0.01341851956,0.01569437358,0.01757668209,0.01947637929,0.02210108942,0.03508412021,0.02210402091,Federal Taxes and Cash Transfers,2028.00000000000
Percentage Change in 2026 Dollars of Household Income,0.00079001579,0.00329020032,0.00547575582,0.00750938126,0.01010976795,0.01229095706,0.01396865736,0.01582665852,0.01850556387,0.03103192427,0.01847545042,Federal Taxes and Cash Transfers,2029.00000000000
Percentage Change in 2026 Dollars of Household Income,-0.00028697579,0.00241753828,0.00478881136,0.00670169771,0.00901386666,0.01093156783,0.01241562948,0.01380132238,0.01604600802,0.02462940044,0.01529116992,Federal Taxes and Cash Transfers,2030.00000000000
Percentage Change in 2026 Dollars of Household Income,-0.00133693538,0.00158793555,0.00414598060,0.00592972149,0.00804564500,0.00968507212,0.01096318659,0.01203536184,0.01382332345,0.01855616042,0.01231601891,Federal Taxes and Cash Transfers,2031.00000000000
Percentage Change in 2026 Dollars of Household Income,-0.00099541732,0.00200552737,0.00447201978,0.00644080894,0.00857230142,0.01023364684,0.01147610260,0.01263645247,0.01464547347,0.01988198367,0.01313039355,Federal Taxes and Cash Transfers,2032.00000000000
Percentage Change in 2026 Dollars of Household Income,-0.00063716238,0.00244049026,0.00496187398,0.00676636360,0.00892532040,0.01071712369,0.01198820425,0.01316116273,0.01539989589,0.02112364180,0.01388201518,Federal Taxes and Cash Transfers,2033.00000000000
Percentage Change in 2026 Dollars of Household Income,-0.00064329241,0.00243816329,0.00490139352,0.00688205955,0.00901156959,0.01080734817,0.01208271223,0.01332392216,0.01553749032,0.02136370042,0.01402463601,Federal Taxes and Cash Transfers,2034.00000000000
Total Nominal Change (Billions of dollars),0.00000000000,0.00000000000,0.00000000000,0.00000000000,0.00000000000,0.00000000000,0.00000000000,0.00000000000,0.00000000000,0.00000000000,0.00000000000,Federal and State In-Kind Transfers,2025.00000000000
Total Nominal Change (Billions of dollars),-6.06270402434,-3.40655962458,-2.85943866075,-2.43711695425,-2.05055092454,-1.81488195154,-1.71645968088,-1.88995009481,-2.38655300539,-8.23772974341,-32.86194466448,Federal and State In-Kind Transfers,2026.00000000000
Total Nominal Change (Billions of dollars),-13.07045439591,-7.28975668395,-6.12330062509,-5.20150819313,-4.41155450324,-3.90586412204,-3.70828657667,-4.08726793816,-5.23820353110,-18.12620395813,-71.16240052742,Federal and State In-Kind Transfers,2027.00000000000
Total Nominal Change (Billions of dollars),-17.89212129249,-10.27147886050,-8.66804473362,-7.35056130010,-6.19968185582,-5.50682511309,-5.32767500566,-5.88971576747,-7.51234291019,-26.07102044728,-100.68946728621,Federal and State In-Kind Transfers,2028.00000000000
Total Nominal Change (Billions of dollars),-19.23720172253,-11.28304679997,-9.56378538034,-8.11171870246,-6.96992838613,-6.20058850304,-5.94749660012,-6.68833041384,-8.54696488793,-29.67869419247,-112.22775558884,Federal and State In-Kind Transfers,2029.00000000000
Total Nominal Change (Billions of dollars),-19.83746861629,-12.02686129611,-10.10068838509,-8.49496647170,-7.43513021697,-6.49687378059,-6.34444493179,-7.10277751797,-9.10741695058,-32.12764464443,-119.07427281151,Federal and State In-Kind Transfers,2030.00000000000
Total Nominal Change (Billions of dollars),-20.66468044358,-12.53034361048,-10.52266868538,-9.10005699337,-7.70313739522,-6.83671785745,-6.62453478635,-7.35672184732,-9.46517400425,-33.47166335528,-124.27569897868,Federal and State In-Kind Transfers,2031.00000000000
Total Nominal Change (Billions of dollars),-20.97389637951,-12.95463010488,-10.83431845016,-9.35159205002,-7.84782895746,-6.98689797095,-6.64248828135,-7.38701358534,-9.47302744671,-33.51860538734,-125.97029861372,Federal and State In-Kind Transfers,2032.00000000000
Total Nominal Change (Billions of dollars),-22.13721830350,-13.51482945375,-11.25949498156,-9.81673767829,-8.38978605111,-7.22120148398,-6.98668708619,-7.74518109443,-9.90475666498,-35.24946282477,-132.22535562257,Federal and State In-Kind Transfers,2033.00000000000
Total Nominal Change (Billions of dollars),-22.72374081978,-14.18321385228,-11.56576511016,-10.22072634756,-8.59092034966,-7.49692641826,-7.12995913078,-7.93791130205,-10.12888498669,-36.08413158272,-136.06217989993,Federal and State In-Kind Transfers,2034.00000000000
Total Change (Billions of 2025 Dollars),0.00000000000,0.00000000000,0.00000000000,0.00000000000,0.00000000000,0.00000000000,0.00000000000,0.00000000000,0.00000000000,0.00000000000,0.00000000000,Federal and State In-Kind Transfers,2025.00000000000
Total Change (Billions of 2025 Dollars),-5.93681655100,-3.33582498502,-2.80006457507,-2.38651206006,-2.00797278221,-1.77719729756,-1.68081869107,-1.85070670750,-2.33699803344,-8.06667950257,-32.17959118551,Federal and State In-Kind Transfers,2026.00000000000
Total Change (Billions of 2025 Dollars),-12.54492168008,-6.99665244199,-5.87709688114,-4.99236758911,-4.23417610851,-3.74881836697,-3.55918495735,-3.92292835556,-5.02758749248,-17.39739125543,-68.30112512863,Federal and State In-Kind Transfers,2027.00000000000
Total Change (Billions of 2025 Dollars),-16.83587441056,-9.66511042929,-8.15633373677,-6.91662687015,-5.83368866127,-5.18173415490,-5.01316002889,-5.54202116977,-7.06885783399,-24.53193888138,-94.74534617695,Federal and State In-Kind Transfers,2028.00000000000
Total Change (Billions of 2025 Dollars),-17.74946623635,-10.41045683815,-8.82415686795,-7.48438776620,-6.43089937631,-5.72105745252,-5.48753876043,-6.17107917099,-7.88597358856,-27.38345150746,-103.54846756490,Federal and State In-Kind Transfers,2029.00000000000
Total Change (Billions of 2025 Dollars),-17.94926881604,-10.88210247954,-9.13926945811,-7.68638578506,-6.72742846015,-5.87847856031,-5.74055842366,-6.42671025606,-8.24054108050,-29.06962280840,-107.74036612781,Federal and State In-Kind Transfers,2030.00000000000
Total Change (Billions of 2025 Dollars),-18.33719293221,-11.11903612154,-9.33748800870,-8.07510676185,-6.83552387781,-6.06669020203,-5.87840556233,-6.52812552467,-8.39910020998,-29.70171014178,-110.27837934290,Federal and State In-Kind Transfers,2031.00000000000
Total Change (Billions of 2025 Dollars),-18.25336234681,-11.27427889862,-9.42899387282,-8.13859261626,-6.82988334663,-6.08062412612,-5.78088798047,-6.42884055467,-8.24427657013,-29.17089120802,-109.63063152055,Federal and State In-Kind Transfers,2032.00000000000
Total Change (Billions of 2025 Dollars),-18.89538105035,-11.53567936397,-9.61062249079,-8.37914667325,-7.16116190360,-6.16370818639,-5.96353674447,-6.61095473139,-8.45427590901,-30.08743116515,-112.86189821837,Federal and State In-Kind Transfers,2033.00000000000
Total Change (Billions of 2025 Dollars),-19.02342797890,-11.87363248719,-9.68240666618,-8.55639276592,-7.19198286235,-6.27613388623,-5.96892321087,-6.64530920129,-8.47950676691,-30.20822512408,-113.90594094992,Federal and State In-Kind Transfers,2034.00000000000
Percentage Share of Change in 2026 dollars,0.00000000000,0.00000000000,0.00000000000,0.00000000000,0.00000000000,0.00000000000,0.00000000000,0.00000000000,0.00000000000,0.00000000000,0.00000000000,Federal and State In-Kind Transfers,2025.00000000000
Percentage Share of Change in 2026 dollars,0.18449011725,0.10366275214,0.08701367767,0.07416228647,0.06239895251,0.05522746661,0.05223244389,0.05751181539,0.07262360855,0.25067687952,1.00000000000,Federal and State In-Kind Transfers,2026.00000000000
Percentage Share of Change in 2026 dollars,0.18367079102,0.10243831897,0.08604685311,0.07309348974,0.06199277245,0.05488662683,0.05211019512,0.05743577940,0.07360914601,0.25471602734,1.00000000000,Federal and State In-Kind Transfers,2027.00000000000
Percentage Share of Change in 2026 dollars,0.17769605674,0.10201145301,0.08608690628,0.07300228612,0.06157229771,0.05469117338,0.05291193954,0.05849386163,0.07460902429,0.25892500129,1.00000000000,Federal and State In-Kind Transfers,2028.00000000000
Percentage Share of Change in 2026 dollars,0.17141215755,0.10053704398,0.08521764808,0.07227907802,0.06210521051,0.05525004461,0.05299488143,0.05959604537,0.07615731815,0.26445057229,1.00000000000,Federal and State In-Kind Transfers,2029.00000000000
Percentage Share of Change in 2026 dollars,0.16659743661,0.10100302116,0.08482679043,0.07134174554,0.06244111378,0.05456152389,0.05328140817,0.05964997602,0.07648517799,0.26981180641,1.00000000000,Federal and State In-Kind Transfers,2030.00000000000
Percentage Share of Change in 2026 dollars,0.16628094320,0.10082698157,0.08467197346,0.07322475004,0.06198426127,0.05501250778,0.05330515009,0.05919678511,0.07616270986,0.26933393761,1.00000000000,Federal and State In-Kind Transfers,2031.00000000000
Percentage Share of Change in 2026 dollars,0.16649874304,0.10283876634,0.08600692837,0.07423648394,0.06229904226,0.05546464562,0.05273059090,0.05864091509,0.07520048417,0.26608340026,1.00000000000,Federal and State In-Kind Transfers,2032.00000000000
Percentage Share of Change in 2026 dollars,0.16742037258,0.10221057368,0.08515382642,0.07424247514,0.06345065976,0.05461283466,0.05283923838,0.05857561175,0.07490814918,0.26658625843,1.00000000000,Federal and State In-Kind Transfers,2033.00000000000
Percentage Share of Change in 2026 dollars,0.16700997174,0.10424067777,0.08500352647,0.07511805525,0.06313966420,0.05509926729,0.05240221152,0.05834032137,0.07444305974,0.26520324464,1.00000000000,Federal and State In-Kind Transfers,2034.00000000000
Annual Average Change (2026 dollars),0.00000000000,0.00000000000,0.00000000000,0.00000000000,0.00000000000,0.00000000000,0.00000000000,0.00000000000,0.00000000000,0.00000000000,0.00000000000,Federal and State In-Kind Transfers,2025.00000000000
Annual Average Change (2026 dollars),-410.30447300587,-241.67204025921,-202.00934635623,-168.26778935434,-143.53700628373,-127.09700425382,-123.14971413072,-138.13840438001,-175.83203292959,-588.00136611676,-232.60481490280,Federal and State In-Kind Transfers,2026.00000000000
Annual Average Change (2026 dollars),-847.52315119104,-498.58703483673,-419.44491200301,-346.47902108121,-299.62869006667,-264.56504686418,-257.66768193252,-290.11316119915,-374.38124516134,-1259.08864513948,-487.38443313804,Federal and State In-Kind Transfers,2027.00000000000
Annual Average Change (2026 dollars),-1141.37510238312,-684.74381812936,-571.94249771993,-477.76232441758,-409.48599109708,-363.19054789031,-361.22160679684,-406.45432836331,-526.11762356635,-1765.18857012576,-672.12501254461,Federal and State In-Kind Transfers,2028.00000000000
Annual Average Change (2026 dollars),-1213.66510696776,-741.75622753042,-615.01308378917,-513.00970316142,-449.00681289823,-398.07669884561,-395.36800758586,-452.44343079303,-582.76034741289,-1962.94252973903,-732.86741378862,Federal and State In-Kind Transfers,2029.00000000000
Annual Average Change (2026 dollars),-1226.31805194945,-767.90484725681,-634.78813853136,-525.63614411982,-465.56591604233,-410.06052694268,-409.43874173076,-468.97195591705,-607.90016667894,-2075.35877287920,-759.26406296311,Federal and State In-Kind Transfers,2030.00000000000
Annual Average Change (2026 dollars),-1233.71096053167,-771.37740282004,-638.05110541266,-541.73302691421,-465.78462297777,-414.86168226855,-413.90005914517,-470.89457614301,-611.93113579920,-2099.16776372099,-765.51549267811,Federal and State In-Kind Transfers,2031.00000000000
Annual Average Change (2026 dollars),-1224.39739507972,-776.23313456229,-634.47915053345,-539.20900652163,-461.86526507685,-410.80685418838,-406.64647292760,-459.05722152683,-596.70505803556,-2044.00052430201,-754.59285104366,Federal and State In-Kind Transfers,2032.00000000000
Annual Average Change (2026 dollars),-1269.21208482755,-794.02847131394,-645.28962512290,-554.74155860657,-482.31918252589,-416.20059484728,-418.63618142577,-469.70030067405,-610.81313674890,-2102.55695947590,-775.46262399902,Federal and State In-Kind Transfers,2033.00000000000
Annual Average Change (2026 dollars),-1284.51553053534,-815.68139496352,-650.41732512971,-562.31354629056,-481.02416748538,-422.51525891193,-416.59103216449,-471.22125009143,-609.90873058398,-2105.87239016222,-780.42900389104,Federal and State In-Kind Transfers,2034.00000000000
Percentage Change in 2026 Dollars of Household Income,0.00000000000,0.00000000000,0.00000000000,0.00000000000,0.00000000000,0.00000000000,0.00000000000,0.00000000000,0.00000000000,0.00000000000,0.00000000000,Federal and State In-Kind Transfers,2025.00000000000
Percentage Change in 2026 Dollars of Household Income,-0.01092477307,-0.00402456878,-0.00276278150,-0.00196946929,-0.00143667246,-0.00110041711,-0.00090805826,-0.00085274460,-0.00085597037,-0.00118198730,-0.00159412055,Federal and State In-Kind Transfers,2026.00000000000
Percentage Change in 2026 Dollars of Household Income,-0.02254019152,-0.00824076666,-0.00567871873,-0.00402505380,-0.00296797323,-0.00227314126,-0.00188354171,-0.00177000610,-0.00180254368,-0.00251746061,-0.00332164194,Federal and State In-Kind Transfers,2027.00000000000
Percentage Change in 2026 Dollars of Household Income,-0.02989308134,-0.01119271064,-0.00769106908,-0.00548076443,-0.00400740581,-0.00307655189,-0.00260327740,-0.00244841463,-0.00248799698,-0.00349485581,-0.00452481737,Federal and State In-Kind Transfers,2028.00000000000
Percentage Change in 2026 Dollars of Household Income,-0.03114847001,-0.01187259697,-0.00814304326,-0.00578762309,-0.00432062854,-0.00332188509,-0.00279292605,-0.00267620439,-0.00271293008,-0.00383582598,-0.00484992485,Federal and State In-Kind Transfers,2029.00000000000
Percentage Change in 2026 Dollars of Household Income,-0.03091696246,-0.01217148748,-0.00827893294,-0.00583747980,-0.00441708582,-0.00335332112,-0.00285203292,-0.00272729683,-0.00277997732,-0.00400843086,-0.00495199558,Federal and State In-Kind Transfers,2030.00000000000
Percentage Change in 2026 Dollars of Household Income,-0.03087953035,-0.01216253317,-0.00825425153,-0.00598904181,-0.00439375569,-0.00338289414,-0.00286463874,-0.00271789943,-0.00277998521,-0.00402690543,-0.00497024606,Federal and State In-Kind Transfers,2031.00000000000
Percentage Change in 2026 Dollars of Household Income,-0.03024618851,-0.01211596404,-0.00815023311,-0.00590426192,-0.00429871936,-0.00331212892,-0.00277032761,-0.00262273222,-0.00267920396,-0.00388649021,-0.00484773788,Federal and State In-Kind Transfers,2032.00000000000
Percentage Change in 2026 Dollars of Household Income,-0.03094053130,-0.01216086124,-0.00814837132,-0.00595678441,-0.00442075758,-0.00329723456,-0.00280587846,-0.00264220431,-0.00269783897,-0.00394227750,-0.00490111553,Federal and State In-Kind Transfers,2033.00000000000
Percentage Change in 2026 Dollars of Household Income,-0.03076742494,-0.01232209181,-0.00809117047,-0.00596600621,-0.00434640765,-0.00329687044,-0.00275362536,-0.00261046373,-0.00265462136,-0.00389113381,-0.00485905148,Federal and State In-Kind Transfers,2034.00000000000
Total Nominal Change (Billions of dollars),0.00000000000,0.00000000000,0.00000000000,0.00000000000,0.00000000000,0.00000000000,0.00000000000,0.00000000000,0.00000000000,0.00000000000,0.00000000000,Tax Changes by States in Response to In-Kind Transfers,2025.00000000000
Total Nominal Change (Billions of dollars),0.00535324689,0.00560385717,0.00587099734,0.00629658921,0.00669394494,0.00769084554,0.00965674248,0.01204576107,0.01416666799,0.02163304239,0.09501169503,Tax Changes by States in Response to In-Kind Transfers,2026.00000000000
Total Nominal Change (Billions of dollars),0.07908442687,0.08195739952,0.08578558976,0.09266168275,0.09784355392,0.11284000833,0.14241261010,0.17688303509,0.20904550373,0.31777654551,1.39629035559,Tax Changes by States in Response to In-Kind Transfers,2027.00000000000
Total Nominal Change (Billions of dollars),0.05522626017,0.05831382723,0.06165445964,0.06568768023,0.07002334343,0.08054012067,0.10099175585,0.12629498780,0.14861627239,0.22686419974,0.99421290716,Tax Changes by States in Response to In-Kind Transfers,2028.00000000000
Total Nominal Change (Billions of dollars),0.09440218168,0.10026010373,0.10700583259,0.11470727118,0.12121435450,0.14018077886,0.17454545108,0.21809233047,0.25841982872,0.39355505166,1.72238318447,Tax Changes by States in Response to In-Kind Transfers,2029.00000000000
Total Nominal Change (Billions of dollars),0.08946124001,0.09519459479,0.10104692660,0.10821624025,0.11553139625,0.13197004412,0.16614982713,0.20634707603,0.24380312381,0.37248213923,1.63020260823,Tax Changes by States in Response to In-Kind Transfers,2030.00000000000
Total Nominal Change (Billions of dollars),0.04719086837,0.05051173010,0.05348498554,0.05747123638,0.06130417535,0.07027541365,0.08793880989,0.10940904674,0.12960272709,0.19754935628,0.86473834941,Tax Changes by States in Response to In-Kind Transfers,2031.00000000000
Total Nominal Change (Billions of dollars),0.00299548686,0.00320970676,0.00344094037,0.00368108929,0.00391358659,0.00451372617,0.00558441426,0.00699584443,0.00825209040,0.01262620388,0.05521308901,Tax Changes by States in Response to In-Kind Transfers,2032.00000000000
Total Nominal Change (Billions of dollars),-0.02517211188,-0.02717329672,-0.02906595595,-0.03102714899,-0.03302211404,-0.03816607334,-0.04726979550,-0.05895083910,-0.06951215986,-0.10652592623,-0.46588542161,Tax Changes by States in Response to In-Kind Transfers,2033.00000000000
Total Nominal Change (Billions of dollars),-0.07901649665,-0.08569167256,-0.09174129050,-0.09884772568,-0.10509508560,-0.12097827931,-0.14970612621,-0.18564989277,-0.22025372061,-0.33668380241,-1.47366409230,Tax Changes by States in Response to In-Kind Transfers,2034.00000000000
Total Change (Billions of 2025 Dollars),0.00000000000,0.00000000000,0.00000000000,0.00000000000,0.00000000000,0.00000000000,0.00000000000,0.00000000000,0.00000000000,0.00000000000,0.00000000000,Tax Changes by States in Response to In-Kind Transfers,2025.00000000000
Total Change (Billions of 2025 Dollars),0.00524209076,0.00548749730,0.00574909051,0.00616584529,0.00655495023,0.00753115094,0.00945622752,0.01179563994,0.01387250782,0.02118384860,0.09303884889,Tax Changes by States in Response to In-Kind Transfers,2026.00000000000
Total Change (Billions of 2025 Dollars),0.07590462513,0.07866208220,0.08233634977,0.08893597098,0.09390949110,0.10830297280,0.13668652871,0.16977097770,0.20064026792,0.30499948620,1.34014875252,Tax Changes by States in Response to In-Kind Transfers,2027.00000000000
Total Change (Billions of 2025 Dollars),0.05196602266,0.05487131770,0.05801473857,0.06180986126,0.06588957209,0.07578549991,0.09502978938,0.11883926554,0.13984283118,0.21347145554,0.93552035383,Tax Changes by States in Response to In-Kind Transfers,2028.00000000000
Total Change (Billions of 2025 Dollars),0.08710145896,0.09250635055,0.09873038917,0.10583622640,0.11184007547,0.12933970529,0.16104673826,0.20122585977,0.23843457541,0.36311892978,1.58918030906,Tax Changes by States in Response to In-Kind Transfers,2029.00000000000
Total Change (Billions of 2025 Dollars),0.08094600559,0.08613363957,0.09142892592,0.09791583917,0.10453471297,0.11940867272,0.15033510417,0.18670623801,0.22059708787,0.33702798353,1.47503420954,Tax Changes by States in Response to In-Kind Transfers,2030.00000000000
Total Change (Billions of 2025 Dollars),0.04187570480,0.04482253392,0.04746090807,0.05099818275,0.05439941324,0.06236021032,0.07803415725,0.09708617581,0.11500541795,0.17529913756,0.76734184167,Tax Changes by States in Response to In-Kind Transfers,2031.00000000000
Total Change (Billions of 2025 Dollars),0.00260694084,0.00279337418,0.00299461437,0.00320361346,0.00340595342,0.00392824861,0.00486005724,0.00608841014,0.00718170784,0.01098845299,0.04805137309,Tax Changes by States in Response to In-Kind Transfers,2032.00000000000
Total Change (Billions of 2025 Dollars),-0.02148583618,-0.02319396181,-0.02480945464,-0.02648344498,-0.02818626167,-0.03257692494,-0.04034747211,-0.05031791044,-0.05933260134,-0.09092596641,-0.39765983452,Tax Changes by States in Response to In-Kind Transfers,2033.00000000000
Total Change (Billions of 2025 Dollars),-0.06614952375,-0.07173772022,-0.07680222400,-0.08275145388,-0.08798149951,-0.10127828872,-0.12532811972,-0.15541883673,-0.18438780940,-0.28185852486,-1.23369400079,Tax Changes by States in Response to In-Kind Transfers,2034.00000000000
Percentage Share of Change in 2026 dollars,0.00000000000,0.00000000000,0.00000000000,0.00000000000,0.00000000000,0.00000000000,0.00000000000,0.00000000000,0.00000000000,0.00000000000,0.00000000000,Tax Changes by States in Response to In-Kind Transfers,2025.00000000000
Percentage Share of Change in 2026 dollars,0.05634303115,0.05898070933,0.06179236499,0.06627172799,0.07045390506,0.08094630389,0.10163740876,0.12678187744,0.14910446537,0.22768820604,1.00000000000,Tax Changes by States in Response to In-Kind Transfers,2026.00000000000
Percentage Share of Change in 2026 dollars,0.05663895518,0.05869653056,0.06143821693,0.06636276071,0.07007393092,0.08081414291,0.10199354993,0.12668069673,0.14971492347,0.22758629266,1.00000000000,Tax Changes by States in Response to In-Kind Transfers,2027.00000000000
Percentage Share of Change in 2026 dollars,0.05554771999,0.05865325909,0.06201333658,0.06607003365,0.07043093378,0.08100892685,0.10157960647,0.12703012292,0.14948133475,0.22818472593,1.00000000000,Tax Changes by States in Response to In-Kind Transfers,2028.00000000000
Percentage Share of Change in 2026 dollars,0.05480904745,0.05821010367,0.06212661245,0.06659799760,0.07037595094,0.08138768430,0.10133950021,0.12662242203,0.15003620045,0.22849448091,1.00000000000,Tax Changes by States in Response to In-Kind Transfers,2029.00000000000
Percentage Share of Change in 2026 dollars,0.05487737509,0.05839433351,0.06198427489,0.06638208018,0.07086934818,0.08095315481,0.10191974071,0.12657756465,0.14955387912,0.22848824885,1.00000000000,Tax Changes by States in Response to In-Kind Transfers,2030.00000000000
Percentage Share of Change in 2026 dollars,0.05457242460,0.05841273275,0.06185106232,0.06646083919,0.07089332328,0.08126783518,0.10169412511,0.12652271848,0.14987507745,0.22844986164,1.00000000000,Tax Changes by States in Response to In-Kind Transfers,2031.00000000000
Percentage Share of Change in 2026 dollars,0.05425320179,0.05813307715,0.06232109877,0.06667059133,0.07088150044,0.08175101683,0.10114294191,0.12670626759,0.14945895156,0.22868135262,1.00000000000,Tax Changes by States in Response to In-Kind Transfers,2032.00000000000
Percentage Share of Change in 2026 dollars,0.05403069235,0.05832613656,0.06238863592,0.06659823971,0.07088033346,0.08192158752,0.10146227658,0.12653505854,0.14920441087,0.22865262849,1.00000000000,Tax Changes by States in Response to In-Kind Transfers,2033.00000000000
Percentage Share of Change in 2026 dollars,0.05361906900,0.05814871449,0.06225386842,0.06707615813,0.07131549594,0.08209352453,0.10158768677,0.12597843277,0.14945992222,0.22846712773,1.00000000000,Tax Changes by States in Response to In-Kind Transfers,2034.00000000000
Annual Average Change (2026 dollars),0.00000000000,0.00000000000,0.00000000000,0.00000000000,0.00000000000,0.00000000000,0.00000000000,0.00000000000,0.00000000000,0.00000000000,0.00000000000,Tax Changes by States in Response to In-Kind Transfers,2025.00000000000
Annual Average Change (2026 dollars),0.36229067694,0.39755522997,0.41476544012,0.43474037829,0.46857105843,0.53859339302,0.69283600988,0.88043711786,1.04374553052,1.54414612734,0.67251582224,Tax Changes by States in Response to In-Kind Transfers,2026.00000000000
Annual Average Change (2026 dollars),5.12804533326,5.60552273304,5.87629635589,6.17231155663,6.64544343065,7.64325669306,9.89543994637,12.55510948842,14.94075507335,22.07350425191,9.56305827814,Tax Changes by States in Response to In-Kind Transfers,2027.00000000000
Annual Average Change (2026 dollars),3.52299636968,3.88746676625,4.06813840090,4.26948331041,4.62500800069,5.31184665444,6.84734040332,8.71572525211,10.40815641491,15.36027686967,6.63659646540,Tax Changes by States in Response to In-Kind Transfers,2028.00000000000
Annual Average Change (2026 dollars),5.95578481641,6.59117680146,6.88116519420,7.25443587191,7.80869873769,8.99958151771,11.60314866337,14.75322481448,17.61991901672,26.02964752015,11.24747174471,Tax Changes by States in Response to In-Kind Transfers,2029.00000000000
Annual Average Change (2026 dollars),5.53033936425,6.07809377492,6.35039791309,6.69600844783,7.23423514536,8.32949933448,10.72247878113,13.62438730451,16.27332540132,24.06133670676,10.39480843804,Tax Changes by States in Response to In-Kind Transfers,2030.00000000000
Annual Average Change (2026 dollars),2.81736229640,3.10954020010,3.24310829962,3.42130459950,3.70687172504,4.26441121879,5.49440523583,7.00313641869,8.37892086906,12.38926300253,5.32662949417,Tax Changes by States in Response to In-Kind Transfers,2031.00000000000
Annual Average Change (2026 dollars),0.17486814285,0.19232357250,0.20150828459,0.21225011638,0.23032480945,0.26539240391,0.34187224184,0.43474847714,0.51979835452,0.76995946128,0.33073988641,Tax Changes by States in Response to In-Kind Transfers,2032.00000000000
Annual Average Change (2026 dollars),-1.44321423609,-1.59649600693,-1.66579050389,-1.75333695894,-1.89840348150,-2.19973676986,-2.83236481639,-3.57502639537,-4.28672221289,-6.35404938424,-2.73228027882,Tax Changes by States in Response to In-Kind Transfers,2033.00000000000
Annual Average Change (2026 dollars),-4.46660248063,-4.92815688583,-5.15920254332,-5.43830382299,-5.88450061211,-6.81815001963,-8.74706691801,-11.02080525006,-13.26253258104,-19.64888976405,-8.45268097622,Tax Changes by States in Response to In-Kind Transfers,2034.00000000000
Percentage Change in 2026 Dollars of Household Income,0.00000000000,0.00000000000,0.00000000000,0.00000000000,0.00000000000,0.00000000000,0.00000000000,0.00000000000,0.00000000000,0.00000000000,0.00000000000,Tax Changes by States in Response to In-Kind Transfers,2025.00000000000
Percentage Change in 2026 Dollars of Household Income,0.00000964636,0.00000662049,0.00000567254,0.00000508836,0.00000468996,0.00000466319,0.00000510870,0.00000543504,0.00000508107,0.00000310401,0.00000460898,Tax Changes by States in Response to In-Kind Transfers,2026.00000000000
Percentage Change in 2026 Dollars of Household Income,0.00013638226,0.00009264943,0.00007955713,0.00007170387,0.00006582647,0.00006567081,0.00007233532,0.00007659984,0.00007193566,0.00004413444,0.00006517454,Tax Changes by States in Response to In-Kind Transfers,2027.00000000000
Percentage Change in 2026 Dollars of Household Income,0.00009226872,0.00006354390,0.00005470538,0.00004897840,0.00004526232,0.00004499614,0.00004934790,0.00005250211,0.00004921991,0.00003041146,0.00004467828,Tax Changes by States in Response to In-Kind Transfers,2028.00000000000
Percentage Change in 2026 Dollars of Household Income,0.00015285402,0.00010549879,0.00009110965,0.00008184239,0.00007514026,0.00007510004,0.00008196601,0.00008726537,0.00008202619,0.00005086506,0.00007443283,Tax Changes by States in Response to In-Kind Transfers,2029.00000000000
Percentage Change in 2026 Dollars of Household Income,0.00013942655,0.00009633933,0.00008282215,0.00007436287,0.00006863526,0.00006811552,0.00007468971,0.00007923235,0.00007441925,0.00004647303,0.00006779597,Tax Changes by States in Response to In-Kind Transfers,2030.00000000000
Percentage Change in 2026 Dollars of Household Income,0.00007051800,0.00004902903,0.00004195500,0.00003782368,0.00003496700,0.00003477316,0.00003802726,0.00004042056,0.00003806519,0.00002376675,0.00003458409,Tax Changes by States in Response to In-Kind Transfers,2031.00000000000
Percentage Change in 2026 Dollars of Household Income,0.00000431975,0.00000300191,0.00000258848,0.00000232411,0.00000214370,0.00000213973,0.00000232905,0.00000248385,0.00000233389,0.00000146401,0.00000212478,Tax Changes by States in Response to In-Kind Transfers,2032.00000000000
Percentage Change in 2026 Dollars of Household Income,-0.00003518231,-0.00002445097,-0.00002103471,-0.00001882724,-0.00001740006,-0.00001742681,-0.00001898372,-0.00002011059,-0.00001893359,-0.00001191379,-0.00001726869,Tax Changes by States in Response to In-Kind Transfers,2033.00000000000
Percentage Change in 2026 Dollars of Household Income,-0.00010698653,-0.00007444721,-0.00006418031,-0.00005769904,-0.00005317080,-0.00005320176,-0.00005781724,-0.00006105288,-0.00005772503,-0.00003630631,-0.00005262748,Tax Changes by States in Response to In-Kind Transfers,2034.00000000000
Total Nominal Change (Billions of dollars),0.00000000000,0.00000000000,0.00000000000,0.00000000000,0.00000000000,0.00000000000,0.00000000000,0.00000000000,0.00000000000,0.00000000000,0.00000000000,Other Spending Changes by States in Response to In-Kind Transfers,2025.00000000000
Total Nominal Change (Billions of dollars),0.03860037782,0.02996742032,0.02702511897,0.02617231781,0.02504444401,0.02435847257,0.02308668254,0.02234553904,0.02199045714,0.02261548696,0.26120631720,Other Spending Changes by States in Response to In-Kind Transfers,2026.00000000000
Total Nominal Change (Billions of dollars),0.24645400803,0.19072863279,0.17057190439,0.16667759129,0.15844312842,0.15477807939,0.14666479471,0.14212705673,0.14010978913,0.14372338904,1.66027837391,Other Spending Changes by States in Response to In-Kind Transfers,2027.00000000000
Total Nominal Change (Billions of dollars),0.15188553798,0.11887577019,0.10837743709,0.10375613224,0.09926745056,0.09675557486,0.09170497338,0.08923497501,0.08741270721,0.09010125298,1.03737181150,Other Spending Changes by States in Response to In-Kind Transfers,2028.00000000000
Total Nominal Change (Billions of dollars),0.25016842863,0.19495039169,0.18105456853,0.17354962510,0.16543774012,0.16168305411,0.15174027333,0.14784467189,0.14576545323,0.14981623610,1.72201044273,Other Spending Changes by States in Response to In-Kind Transfers,2029.00000000000
Total Nominal Change (Billions of dollars),0.23511908180,0.18599281294,0.17181423163,0.16324675689,0.15752331791,0.15183234094,0.14452021248,0.14010098086,0.13763799105,0.14184102537,1.62962875185,Other Spending Changes by States in Response to In-Kind Transfers,2030.00000000000
Total Nominal Change (Billions of dollars),0.12430977916,0.09818486447,0.09079176956,0.08763175352,0.08342329906,0.08090820112,0.07670546580,0.07420261954,0.07311970278,0.07521656786,0.86449402287,Other Spending Changes by States in Response to In-Kind Transfers,2031.00000000000
Total Nominal Change (Billions of dollars),0.00791121522,0.00624024140,0.00585001482,0.00558578048,0.00533398183,0.00518936476,0.00485482581,0.00475362529,0.00466898712,0.00481153759,0.05519957432,Other Spending Changes by States in Response to In-Kind Transfers,2032.00000000000
Total Nominal Change (Billions of dollars),-0.06649342661,-0.05253131552,-0.04924326958,-0.04724650782,-0.04530789450,-0.04369994532,-0.04103862758,-0.04023201962,-0.03937204843,-0.04060332354,-0.46576837851,Other Spending Changes by States in Response to In-Kind Transfers,2033.00000000000
Total Nominal Change (Billions of dollars),-0.20894956002,-0.16559856797,-0.15617215817,-0.15048481693,-0.14385793771,-0.13809657820,-0.12995013211,-0.12713368111,-0.12469520637,-0.12834478067,-1.47328341925,Other Spending Changes by States in Response to In-Kind Transfers,2034.00000000000
Total Change (Billions of 2025 Dollars),0.00000000000,0.00000000000,0.00000000000,0.00000000000,0.00000000000,0.00000000000,0.00000000000,0.00000000000,0.00000000000,0.00000000000,0.00000000000,Other Spending Changes by States in Response to In-Kind Transfers,2025.00000000000
Total Change (Billions of 2025 Dollars),0.03779887011,0.02934516946,0.02646396277,0.02562886939,0.02452441504,0.02385268727,0.02260730500,0.02188155079,0.02153384189,0.02214589345,0.25578256516,Other Spending Changes by States in Response to In-Kind Transfers,2026.00000000000
Total Change (Billions of 2025 Dollars),0.23654466286,0.18305987596,0.16371360295,0.15997587117,0.15207249699,0.14855481110,0.14076774281,0.13641245677,0.13447629883,0.13794460425,1.59352242370,Other Spending Changes by States in Response to In-Kind Transfers,2027.00000000000
Total Change (Billions of 2025 Dollars),0.14291909833,0.11185803543,0.10197946291,0.09763097305,0.09340727706,0.09104368791,0.08629124459,0.08396706057,0.08225236887,0.08478219852,0.97613140722,Other Spending Changes by States in Response to In-Kind Transfers,2028.00000000000
Total Change (Billions of 2025 Dollars),0.23082130871,0.17987363469,0.16705246415,0.16012792585,0.15264338467,0.14917907247,0.14000523033,0.13641090059,0.13449248117,0.13822999117,1.58883639381,Other Spending Changes by States in Response to In-Kind Transfers,2029.00000000000
Total Change (Billions of 2025 Dollars),0.21273962342,0.16828936503,0.15546035079,0.14770835833,0.14252969633,0.13738040650,0.13076427206,0.12676567839,0.12453712459,0.12834009937,1.47451497482,Other Spending Changes by States in Response to In-Kind Transfers,2030.00000000000
Total Change (Billions of 2025 Dollars),0.11030862104,0.08712618652,0.08056578468,0.07776168500,0.07402723376,0.07179541430,0.06806603805,0.06584509034,0.06488414378,0.06674483645,0.76712503391,Other Spending Changes by States in Response to In-Kind Transfers,2031.00000000000
Total Change (Billions of 2025 Dollars),0.00688504775,0.00543081673,0.00509120663,0.00486124625,0.00464210852,0.00451624980,0.00422510405,0.00413703030,0.00406337059,0.00418743077,0.04803961139,Other Spending Changes by States in Response to In-Kind Transfers,2032.00000000000
Total Change (Billions of 2025 Dollars),-0.05675593997,-0.04483848017,-0.04203194503,-0.04032759475,-0.03867287748,-0.03730040095,-0.03502881416,-0.03434032816,-0.03360629360,-0.03465725728,-0.39755993153,Other Spending Changes by States in Response to In-Kind Transfers,2033.00000000000
Total Change (Billions of 2025 Dollars),-0.17492440782,-0.13863265103,-0.13074122904,-0.12598000916,-0.12043224480,-0.11560905972,-0.10878917334,-0.10643135060,-0.10438995483,-0.10744523584,-1.23337531619,Other Spending Changes by States in Response to In-Kind Transfers,2034.00000000000
Percentage Share of Change in 2026 dollars,0.00000000000,0.00000000000,0.00000000000,0.00000000000,0.00000000000,0.00000000000,0.00000000000,0.00000000000,0.00000000000,0.00000000000,0.00000000000,Other Spending Changes by States in Response to In-Kind Transfers,2025.00000000000
Percentage Share of Change in 2026 dollars,0.14777735178,0.11472701214,0.10346273116,0.10019787459,0.09587993232,0.09325376520,0.08838485525,0.08554746793,0.08418807543,0.08658093421,1.00000000000,Other Spending Changes by States in Response to In-Kind Transfers,2026.00000000000
Percentage Share of Change in 2026 dollars,0.14844137700,0.11487750234,0.10273693079,0.10039135238,0.09543166430,0.09322417362,0.08833747221,0.08560435344,0.08438933575,0.08656583817,1.00000000000,Other Spending Changes by States in Response to In-Kind Transfers,2027.00000000000
Percentage Share of Change in 2026 dollars,0.14641378945,0.11459321419,0.10447308851,0.10001826836,0.09569129358,0.09326990939,0.08840125822,0.08602024271,0.08426362297,0.08685531261,1.00000000000,Other Spending Changes by States in Response to In-Kind Transfers,2028.00000000000
Percentage Share of Change in 2026 dollars,0.14527695212,0.11321092303,0.10514138825,0.10078314323,0.09607243720,0.09389202881,0.08811809125,0.08585585094,0.08464841421,0.08700077095,1.00000000000,Other Spending Changes by States in Response to In-Kind Transfers,2029.00000000000
Percentage Share of Change in 2026 dollars,0.14427769609,0.11413201487,0.10543151711,0.10017420023,0.09666208805,0.09316989576,0.08868290542,0.08597110274,0.08445972182,0.08703885790,1.00000000000,Other Spending Changes by States in Response to In-Kind Transfers,2030.00000000000
Percentage Share of Change in 2026 dollars,0.14379483938,0.11357494889,0.10502301595,0.10136768006,0.09649956720,0.09359023774,0.08872874048,0.08583358309,0.08458092346,0.08700646375,1.00000000000,Other Spending Changes by States in Response to In-Kind Transfers,2031.00000000000
Percentage Share of Change in 2026 dollars,0.14332022153,0.11304872314,0.10597934664,0.10119245569,0.09663085074,0.09401095620,0.08795042111,0.08611706432,0.08458375233,0.08716620829,1.00000000000,Other Spending Changes by States in Response to In-Kind Transfers,2032.00000000000
Percentage Share of Change in 2026 dollars,0.14276071471,0.11278420337,0.10572480196,0.10143777465,0.09727559145,0.09382334082,0.08810951854,0.08637773939,0.08453138994,0.08717492516,1.00000000000,Other Spending Changes by States in Response to In-Kind Transfers,2033.00000000000
Percentage Share of Change in 2026 dollars,0.14182577316,0.11240102604,0.10600279357,0.10214247643,0.09764444222,0.09373388474,0.08820443535,0.08629275226,0.08463762284,0.08711479339,1.00000000000,Other Spending Changes by States in Response to In-Kind Transfers,2034.00000000000
Annual Average Change (2026 dollars),0.00000000000,0.00000000000,0.00000000000,0.00000000000,0.00000000000,0.00000000000,0.00000000000,0.00000000000,0.00000000000,0.00000000000,0.00000000000,Other Spending Changes by States in Response to In-Kind Transfers,2025.00000000000
Annual Average Change (2026 dollars),2.61235046566,2.12598292975,1.90923019050,1.80703599507,1.75309204697,1.70583485577,1.65638516661,1.63325852721,1.62017217903,1.61427209254,1.84888166794,Other Spending Changes by States in Response to In-Kind Transfers,2026.00000000000
Annual Average Change (2026 dollars),15.98073572502,13.04499280359,11.68414255759,11.10260457566,10.76131032378,10.48394633011,10.19089999990,10.08813964298,10.01382955074,9.98336373099,11.37108681159,Other Spending Changes by States in Response to In-Kind Transfers,2027.00000000000
Annual Average Change (2026 dollars),9.68908988676,7.92480322151,7.15105470357,6.74380756599,6.55656714688,6.38130129879,6.21768741542,6.15818203539,6.12184059433,6.10047858422,6.92469193261,Other Spending Changes by States in Response to In-Kind Transfers,2028.00000000000
Annual Average Change (2026 dollars),15.78299677243,12.81618960394,11.64297650948,10.97580487209,10.65759478595,10.38002383272,10.08714314098,10.00120305583,9.93877092943,9.90881403260,11.24503767412,Other Spending Changes by States in Response to In-Kind Transfers,2029.00000000000
Annual Average Change (2026 dollars),14.53465560295,11.87548264626,10.79784190044,10.10108705166,9.86364537801,9.58313980439,9.32661164008,9.25038562052,9.18703493561,9.16254582646,10.39114930567,Other Spending Changes by States in Response to In-Kind Transfers,2030.00000000000
Annual Average Change (2026 dollars),7.42147150413,6.04433430579,5.50523737464,5.21678217240,5.04434594696,4.90962375922,4.79254737948,4.74961698994,4.72724777702,4.71718996688,5.32512448751,Other Spending Changes by States in Response to In-Kind Transfers,2031.00000000000
Annual Average Change (2026 dollars),0.46183461252,0.37391126566,0.34258845647,0.32207383798,0.31391878491,0.30511775367,0.29720756851,0.29540842098,0.29409903519,0.29341272552,0.33065893011,Other Spending Changes by States in Response to In-Kind Transfers,2032.00000000000
Annual Average Change (2026 dollars),-3.81232454114,-3.08634010543,-2.82216662626,-2.66988914708,-2.60469891645,-2.51868657542,-2.45899868280,-2.43983858863,-2.42802172861,-2.42190358785,-2.73159385560,Other Spending Changes by States in Response to In-Kind Transfers,2033.00000000000
Annual Average Change (2026 dollars),-11.81138955393,-9.52362929367,-8.78256443963,-8.27922088807,-8.05491634262,-7.78291105442,-7.59275876218,-7.54708510339,-7.50849625876,-7.49021018896,-8.45049750179,Other Spending Changes by States in Response to In-Kind Transfers,2034.00000000000
Percentage Change in 2026 Dollars of Household Income,0.00000000000,0.00000000000,0.00000000000,0.00000000000,0.00000000000,0.00000000000,0.00000000000,0.00000000000,0.00000000000,0.00000000000,0.00000000000,Other Spending Changes by States in Response to In-Kind Transfers,2025.00000000000
Percentage Change in 2026 Dollars of Household Income,0.00006955648,0.00003540403,0.00002611159,0.00002115023,0.00001754683,0.00001476927,0.00001221354,0.00001008230,0.00000788718,0.00000324497,0.00001267102,Other Spending Changes by States in Response to In-Kind Transfers,2026.00000000000
Percentage Change in 2026 Dollars of Household Income,0.00042501357,0.00021561078,0.00015818754,0.00012897918,0.00010659620,0.00009007800,0.00007449512,0.00006154863,0.00004821386,0.00001996104,0.00007749669,Other Spending Changes by States in Response to In-Kind Transfers,2027.00000000000
Percentage Change in 2026 Dollars of Household Income,0.00025376123,0.00012953754,0.00009616221,0.00007736320,0.00006416538,0.00005405538,0.00004481007,0.00003709588,0.00002895003,0.00001207820,0.00004661777,Other Spending Changes by States in Response to In-Kind Transfers,2028.00000000000
Percentage Change in 2026 Dollars of Household Income,0.00040506743,0.00020513674,0.00015415812,0.00012382577,0.00010255414,0.00008661960,0.00007125676,0.00005915715,0.00004626806,0.00001936302,0.00007441672,Other Spending Changes by States in Response to In-Kind Transfers,2029.00000000000
Percentage Change in 2026 Dollars of Household Income,0.00036643626,0.00018822943,0.00014082590,0.00011217815,0.00009358195,0.00007836732,0.00006496650,0.00005379543,0.00004201306,0.00001769691,0.00006777211,Other Spending Changes by States in Response to In-Kind Transfers,2030.00000000000
Percentage Change in 2026 Dollars of Household Income,0.00018575790,0.00009530279,0.00007121940,0.00005767329,0.00004758342,0.00004003440,0.00003316964,0.00002741374,0.00002147575,0.00000904915,0.00003457432,Other Spending Changes by States in Response to In-Kind Transfers,2031.00000000000
Percentage Change in 2026 Dollars of Household Income,0.00001140866,0.00000583626,0.00000440074,0.00000352666,0.00000292174,0.00000246001,0.00000202476,0.00000168776,0.00000132050,0.00000055790,0.00000212426,Other Spending Changes by States in Response to In-Kind Transfers,2032.00000000000
Percentage Change in 2026 Dollars of Household Income,-0.00009293588,-0.00004726852,-0.00003563681,-0.00002866912,-0.00002387370,-0.00001995360,-0.00001648126,-0.00001372482,-0.00001072408,-0.00000454105,-0.00001726435,Other Spending Changes by States in Response to In-Kind Transfers,2033.00000000000
Percentage Change in 2026 Dollars of Household Income,-0.00028291292,-0.00014386872,-0.00010925482,-0.00008784046,-0.00007278210,-0.00006072976,-0.00005018738,-0.00004180922,-0.00003268065,-0.00001384006,-0.00005261389,Other Spending Changes by States in Response to In-Kind Transfers,2034.00000000000
Total Nominal Change (Billions of dollars),0.35741991920,0.54000606281,0.66403837454,0.79134671849,0.91117977140,1.05902981445,1.21612251184,1.42536639729,1.79105742818,4.51718866684,13.27275566504,Public Goods Allocated as a Percentage of Income,2025.00000000000
Total Nominal Change (Billions of dollars),1.34117195282,2.04563036360,2.50129414037,2.99059551185,3.44939805025,3.98585567856,4.56825576721,5.35626282225,6.73818408746,16.84322499039,49.81987336475,Public Goods Allocated as a Percentage of Income,2026.00000000000
Total Nominal Change (Billions of dollars),1.46866310804,2.24044618743,2.73101650505,3.27300522483,3.76461675593,4.35190901560,4.98640040460,5.84853976687,7.36013316589,18.23615517949,54.26088531373,Public Goods Allocated as a Percentage of Income,2027.00000000000
Total Nominal Change (Billions of dollars),1.26417072201,1.93826109381,2.38039489498,2.83265671171,3.26753808774,3.78052068173,4.32246868222,5.08070465369,6.37734824403,15.75590472313,46.99996849503,Public Goods Allocated as a Percentage of Income,2028.00000000000
Total Nominal Change (Billions of dollars),0.95846091564,1.47485692628,1.82268788758,2.17511322599,2.50351739738,2.89679347733,3.30479095992,3.87853459018,4.88925340432,12.00756981963,35.91157860426,Public Goods Allocated as a Percentage of Income,2029.00000000000
Total Nominal Change (Billions of dollars),0.31154869542,0.47978332360,0.59239735558,0.70659861462,0.81731457786,0.94073172105,1.08012893688,1.26453923075,1.59070801795,3.89171468524,11.67546515895,Public Goods Allocated as a Percentage of Income,2030.00000000000
Total Nominal Change (Billions of dollars),-0.18794775416,-0.28934639517,-0.35803652303,-0.42674250308,-0.49239186842,-0.56759476728,-0.64947831781,-0.76020388966,-0.95623635441,-2.33445226242,-7.02243063543,Public Goods Allocated as a Percentage of Income,2031.00000000000
Total Nominal Change (Billions of dollars),-0.50226711647,-0.77444989218,-0.96284825594,-1.14721870719,-1.32232046104,-1.52792997650,-1.73670457826,-2.04005195969,-2.56099837088,-6.24675746774,-18.82154678589,Public Goods Allocated as a Percentage of Income,2032.00000000000
Total Nominal Change (Billions of dollars),-0.58378104167,-0.90677793340,-1.12746431865,-1.34465233488,-1.54849173793,-1.78695792075,-2.03168860416,-2.39177260012,-2.99559083976,-7.29558325560,-22.01276058692,Public Goods Allocated as a Percentage of Income,2033.00000000000
Total Nominal Change (Billions of dollars),-0.39767681163,-0.61977178582,-0.76967008609,-0.92244323583,-1.06426756550,-1.22439897824,-1.39419582717,-1.63730719232,-2.05447398676,-4.99323128090,-15.07743675026,Public Goods Allocated as a Percentage of Income,2034.00000000000
Total Change (Billions of 2025 Dollars),0.35741991920,0.54000606281,0.66403837454,0.79134671849,0.91117977140,1.05902981445,1.21612251184,1.42536639729,1.79105742818,4.51718866684,13.27275566504,Public Goods Allocated as a Percentage of Income,2025.00000000000
Total Change (Billions of 2025 Dollars),1.31332352945,2.00315439301,2.44935665535,2.92849805315,3.37777390311,3.90309239365,4.47339938402,5.24504406729,6.59827078041,16.49348813559,48.78540129502,Public Goods Allocated as a Percentage of Income,2026.00000000000
Total Change (Billions of 2025 Dollars),1.40961156412,2.15036303241,2.62120865313,3.14140526108,3.61325023049,4.17692882786,4.78590878683,5.61338352102,7.06419924849,17.50292159269,52.07918071813,Public Goods Allocated as a Percentage of Income,2027.00000000000
Total Change (Billions of 2025 Dollars),1.18954142783,1.82383742077,2.23987021126,2.66543311812,3.07464162452,3.55734070676,4.06729524620,4.78076937152,6.00086665822,14.82576765532,44.22536344054,Public Goods Allocated as a Percentage of Income,2028.00000000000
Total Change (Billions of 2025 Dollars),0.88433702086,1.36079683491,1.68172780983,2.00689784938,2.30990443194,2.67276596467,3.04921040010,3.57858277664,4.51113625945,11.07894787236,33.13430722015,Public Goods Allocated as a Percentage of Income,2029.00000000000
Total Change (Billions of 2025 Dollars),0.28189439851,0.43411586505,0.53601089871,0.63934208161,0.73951971136,0.85118957824,0.97731847843,1.14417595411,1.43929885280,3.52128763966,10.56415345848,Public Goods Allocated as a Percentage of Income,2030.00000000000
Total Change (Billions of 2025 Dollars),-0.16677897529,-0.25675696689,-0.31771044403,-0.37867798792,-0.43693318723,-0.50366589425,-0.57632680319,-0.67458122232,-0.84853431765,-2.07152013039,-6.23148592917,Public Goods Allocated as a Percentage of Income,2031.00000000000
Total Change (Billions of 2025 Dollars),-0.43711781091,-0.67399562988,-0.83795675266,-0.99841242535,-1.15080164778,-1.32974145562,-1.51143580490,-1.77543585382,-2.22881005930,-5.43648759812,-16.38019503834,Public Goods Allocated as a Percentage of Income,2032.00000000000
Total Change (Billions of 2025 Dollars),-0.49829048443,-0.77398679205,-0.96235523495,-1.14773761994,-1.32172620066,-1.52527071697,-1.73416234258,-2.04151461333,-2.55690799142,-6.22719727968,-18.78914927601,Public Goods Allocated as a Percentage of Income,2033.00000000000
Total Change (Billions of 2025 Dollars),-0.33291948913,-0.51884872409,-0.64433772443,-0.77223343642,-0.89096322402,-1.02501898630,-1.16716627412,-1.37068961046,-1.71992535171,-4.18013813868,-12.62224095935,Public Goods Allocated as a Percentage of Income,2034.00000000000
Percentage Share of Change in 2026 dollars,0.02692884042,0.04068530126,0.05003018147,0.05962188550,0.06865038387,0.07978974685,0.09162547270,0.10739038925,0.13494239428,0.34033540441,1.00000000000,Public Goods Allocated as a Percentage of Income,2025.00000000000
Percentage Share of Change in 2026 dollars,0.02692042075,0.04106052917,0.05020675428,0.06002816366,0.06923739097,0.08000533541,0.09169545121,0.10751257401,0.13525092764,0.33808245290,1.00000000000,Public Goods Allocated as a Percentage of Income,2026.00000000000
Percentage Share of Change in 2026 dollars,0.02706670006,0.04129026230,0.05033121906,0.06031979032,0.06937993610,0.08020342813,0.09189677566,0.10778555737,0.13564344045,0.33608289054,1.00000000000,Public Goods Allocated as a Percentage of Income,2027.00000000000
Percentage Share of Change in 2026 dollars,0.02689726743,0.04123962538,0.05064673384,0.06026933214,0.06952213358,0.08043666417,0.09196748042,0.10810017148,0.13568835147,0.33523224010,1.00000000000,Public Goods Allocated as a Percentage of Income,2028.00000000000
Percentage Share of Change in 2026 dollars,0.02668946766,0.04106911987,0.05075488069,0.06056857734,0.06971337643,0.08066460985,0.09202577799,0.10800234189,0.13614699198,0.33436485630,1.00000000000,Public Goods Allocated as a Percentage of Income,2029.00000000000
Percentage Share of Change in 2026 dollars,0.02668404994,0.04109329411,0.05073865131,0.06051995402,0.07000274222,0.08057338258,0.09251271124,0.10830739620,0.13624365250,0.33332416587,1.00000000000,Public Goods Allocated as a Percentage of Income,2030.00000000000
Percentage Share of Change in 2026 dollars,0.02676391750,0.04120316884,0.05098470054,0.06076848961,0.07011701418,0.08082596992,0.09248625605,0.10825367015,0.13616885720,0.33242795602,1.00000000000,Public Goods Allocated as a Percentage of Income,2031.00000000000
Percentage Share of Change in 2026 dollars,0.02668575129,0.04114698441,0.05115670178,0.06095241375,0.07025567431,0.08117983043,0.09227214947,0.10838917667,0.13606737002,0.33189394787,1.00000000000,Public Goods Allocated as a Percentage of Income,2032.00000000000
Percentage Share of Change in 2026 dollars,0.02652011952,0.04119328559,0.05121866993,0.06108512967,0.07034518600,0.08117827447,0.09229594790,0.10865391420,0.13608428747,0.33142518526,1.00000000000,Public Goods Allocated as a Percentage of Income,2033.00000000000
Percentage Share of Change in 2026 dollars,0.02637562460,0.04110591184,0.05104780732,0.06118037509,0.07058677036,0.08120736956,0.09246902178,0.10859320582,0.13626148932,0.33117242431,1.00000000000,Public Goods Allocated as a Percentage of Income,2034.00000000000
Annual Average Change (2026 dollars),24.92399900261,40.34844850612,48.72567650719,57.05186791622,66.86514669741,76.66390933295,89.78410241500,107.56317178353,136.34352421352,333.55950796491,40.47526520104,Public Goods Allocated as a Percentage of Income,2025.00000000000
Annual Average Change (2026 dollars),90.76624046014,145.12344361179,176.70768786770,206.48204623702,241.45524194826,279.13127666735,327.75566946029,391.49478165411,496.44344947605,1202.25348641536,147.01654134457,Public Goods Allocated as a Percentage of Income,2026.00000000000
Annual Average Change (2026 dollars),95.23203613755,153.23658521580,187.07410394756,218.01900606283,255.68927831522,294.77805081938,346.47652140063,415.12775424461,526.03832646845,1266.72611488490,155.45595653994,Public Goods Allocated as a Percentage of Income,2027.00000000000
Annual Average Change (2026 dollars),80.64404235097,129.21336060077,157.06529484245,184.11337578314,215.81931192959,249.33593304869,293.06762913664,350.62377866059,446.62967903831,1066.78382556977,131.52867349276,Public Goods Allocated as a Percentage of Income,2028.00000000000
Annual Average Change (2026 dollars),60.46880344070,96.95823558839,117.21058701640,137.56076009767,161.27803692660,185.97363526500,219.69051941694,262.37003674328,333.36547532959,794.17811730202,98.29099717748,Public Goods Allocated as a Percentage of Income,2029.00000000000
Annual Average Change (2026 dollars),19.25940232850,30.63375645167,37.22982041248,43.72162885737,51.17782729196,59.37577953223,69.70611890812,83.49317360382,106.17628186939,251.39422148599,31.23224537998,Public Goods Allocated as a Percentage of Income,2030.00000000000
Annual Average Change (2026 dollars),-11.22074957521,-17.81238230638,-21.70985385215,-25.40429231088,-29.77339608791,-34.44245102873,-40.57931957887,-48.65970140406,-61.82145179623,-146.40464333063,-18.25125583457,Public Goods Allocated as a Percentage of Income,2031.00000000000
Annual Average Change (2026 dollars),-29.32094914118,-46.40454127226,-56.38630120878,-66.14816558065,-77.82201849278,-89.83730829849,-106.31931308740,-126.77661595782,-161.31703303134,-380.93397358580,-47.67135016293,Public Goods Allocated as a Percentage of Income,2032.00000000000
Annual Average Change (2026 dollars),-33.47041813561,-53.27536679186,-64.61577794702,-75.98599009996,-89.02101491435,-102.99296470699,-121.73700476355,-145.04713262676,-184.73409283408,-435.16632930694,-54.59941617058,Public Goods Allocated as a Percentage of Income,2033.00000000000
Annual Average Change (2026 dollars),-22.47966321755,-35.64328367889,-43.28349692896,-50.75004550110,-59.59063742191,-69.00524594225,-81.46042186620,-97.19609007821,-123.70972944486,-291.40531948333,-36.58990614153,Public Goods Allocated as a Percentage of Income,2034.00000000000
Percentage Change in 2026 Dollars of Household Income,0.00067040979,0.00067040979,0.00067040979,0.00067040979,0.00067040979,0.00067040979,0.00067040979,0.00067040979,0.00067040979,0.00067040979,0.00027832434,Public Goods Allocated as a Percentage of Income,2025.00000000000
Percentage Change in 2026 Dollars of Household Income,0.00241674328,0.00241674328,0.00241674328,0.00241674328,0.00241674328,0.00241674328,0.00241674328,0.00241674328,0.00241674328,0.00241674328,0.00100755477,Public Goods Allocated as a Percentage of Income,2026.00000000000
Percentage Change in 2026 Dollars of Household Income,0.00253273121,0.00253273121,0.00253273121,0.00253273121,0.00253273121,0.00253273121,0.00253273121,0.00253273121,0.00253273121,0.00253273121,0.00105946967,Public Goods Allocated as a Percentage of Income,2027.00000000000
Percentage Change in 2026 Dollars of Household Income,0.00211210049,0.00211210049,0.00211210049,0.00211210049,0.00211210049,0.00211210049,0.00211210049,0.00211210049,0.00211210049,0.00211210049,0.00088546508,Public Goods Allocated as a Percentage of Income,2028.00000000000
Percentage Change in 2026 Dollars of Household Income,0.00155191964,0.00155191964,0.00155191964,0.00155191964,0.00155191964,0.00155191964,0.00155191964,0.00155191964,0.00155191964,0.00155191964,0.00065046411,Public Goods Allocated as a Percentage of Income,2029.00000000000
Percentage Change in 2026 Dollars of Household Income,0.00048555284,0.00048555284,0.00048555284,0.00048555284,0.00048555284,0.00048555284,0.00048555284,0.00048555284,0.00048555284,0.00048555284,0.00020369980,Public Goods Allocated as a Percentage of Income,2030.00000000000
Percentage Change in 2026 Dollars of Household Income,-0.00028085304,-0.00028085304,-0.00028085304,-0.00028085304,-0.00028085304,-0.00028085304,-0.00028085304,-0.00028085304,-0.00028085304,-0.00028085304,-0.00011849954,Public Goods Allocated as a Percentage of Income,2031.00000000000
Percentage Change in 2026 Dollars of Household Income,-0.00072431300,-0.00072431300,-0.00072431300,-0.00072431300,-0.00072431300,-0.00072431300,-0.00072431300,-0.00072431300,-0.00072431300,-0.00072431300,-0.00030625550,Public Goods Allocated as a Percentage of Income,2032.00000000000
Percentage Change in 2026 Dollars of Household Income,-0.00081593339,-0.00081593339,-0.00081593339,-0.00081593339,-0.00081593339,-0.00081593339,-0.00081593339,-0.00081593339,-0.00081593339,-0.00081593339,-0.00034508181,Public Goods Allocated as a Percentage of Income,2033.00000000000
Percentage Change in 2026 Dollars of Household Income,-0.00053844530,-0.00053844530,-0.00053844530,-0.00053844530,-0.00053844530,-0.00053844530,-0.00053844530,-0.00053844530,-0.00053844530,-0.00053844530,-0.00022781347,Public Goods Allocated as a Percentage of Income,2034.00000000000
Total Nominal Change (Billions of dollars),1.28022189080,1.33243484699,1.33271546053,1.33235468884,1.33253365597,1.33249517791,1.33246516637,1.33252212668,1.33252109385,1.33249155711,13.27275566504,Public Goods Allocated Per Person,2025.00000000000
Total Nominal Change (Billions of dollars),4.80453197516,5.00161254526,5.00188085951,5.00235001939,5.00091574669,5.00182221162,5.00167393125,5.00180888064,5.00162100129,5.00165619394,49.81987336475,Public Goods Allocated Per Person,2026.00000000000
Total Nominal Change (Billions of dollars),5.23490485896,5.44692183930,5.44722490129,5.44735828980,5.44780665296,5.44704727045,5.44781840010,5.44728137886,5.44716788330,5.44735383871,54.26088531373,Public Goods Allocated Per Person,2027.00000000000
Total Nominal Change (Billions of dollars),4.53533075323,4.71823719025,4.71822156712,4.71801316754,4.71840761029,4.71903377455,4.71781669860,4.71853870135,4.71811977189,4.71824926021,46.99996849503,Public Goods Allocated Per Person,2028.00000000000
Total Nominal Change (Billions of dollars),3.46644920201,3.60524923179,3.60469976905,3.60544000047,3.60460200787,3.60571248898,3.60443688212,3.60496842385,3.60515373380,3.60486686435,35.91157860426,Public Goods Allocated Per Person,2029.00000000000
Total Nominal Change (Billions of dollars),1.12723029741,1.17201174675,1.17200782332,1.17206502007,1.17205818676,1.17198494428,1.17201879721,1.17204181066,1.17205546411,1.17199106837,11.67546515895,Public Goods Allocated Per Person,2030.00000000000
Total Nominal Change (Billions of dollars),-0.67786801320,-0.70498939265,-0.70488241253,-0.70495302040,-0.70496108386,-0.70495609242,-0.70498591952,-0.70495101620,-0.70492544708,-0.70495823755,-7.02243063543,Public Goods Allocated Per Person,2031.00000000000
Total Nominal Change (Billions of dollars),-1.81666579806,-1.88948441731,-1.88943189025,-1.88938844396,-1.88949923962,-1.88935261555,-1.88942728063,-1.88944100291,-1.88948400493,-1.88937209267,-18.82154678589,Public Goods Allocated Per Person,2032.00000000000
Total Nominal Change (Billions of dollars),-2.12677015186,-2.20940681273,-2.20967068231,-2.20954055657,-2.20958228977,-2.20941870723,-2.20966453990,-2.20950585270,-2.20974950820,-2.20945148567,-22.01276058692,Public Goods Allocated Per Person,2033.00000000000
Total Nominal Change (Billions of dollars),-1.45595663124,-1.51341928403,-1.51350435111,-1.51347696992,-1.51363049914,-1.51339116874,-1.51361381539,-1.51349488027,-1.51347479934,-1.51347435108,-15.07743675026,Public Goods Allocated Per Person,2034.00000000000
Total Change (Billions of 2025 Dollars),1.28022189080,1.33243484699,1.33271546053,1.33235468884,1.33253365597,1.33249517791,1.33246516637,1.33252212668,1.33252109385,1.33249155711,13.27275566504,Public Goods Allocated Per Person,2025.00000000000
Total Change (Billions of 2025 Dollars),4.70476949483,4.89775783564,4.89802057854,4.89847999667,4.89707550556,4.89796314844,4.89781794700,4.89795009427,4.89776611609,4.89780057798,48.78540129502,Public Goods Allocated Per Person,2026.00000000000
Total Change (Billions of 2025 Dollars),5.02442145231,5.22791372066,5.22820459722,5.22833262249,5.22876295800,5.22803410851,5.22877423282,5.22825880396,5.22814987179,5.22832835037,52.07918071813,Public Goods Allocated Per Person,2027.00000000000
Total Change (Billions of 2025 Dollars),4.26759117734,4.43969988106,4.43968518024,4.43948908336,4.43986024050,4.44044943965,4.43930421280,4.43998359270,4.43958939440,4.43971123849,44.22536344054,Public Goods Allocated Per Person,2028.00000000000
Total Change (Billions of 2025 Dollars),3.19836657943,3.32643231777,3.32592534849,3.32660833309,3.32583514780,3.32685974832,3.32568279228,3.32617322649,3.32634420525,3.32607952124,33.13430722015,Public Goods Allocated Per Person,2029.00000000000
Total Change (Billions of 2025 Dollars),1.01993656636,1.06045556038,1.06045201039,1.06050376296,1.06049758007,1.06043130906,1.06046193975,1.06048276270,1.06049511657,1.06043685024,10.56415345848,Public Goods Allocated Per Person,2030.00000000000
Total Change (Billions of 2025 Dollars),-0.60151893346,-0.62558559971,-0.62549066890,-0.62555332412,-0.62556047938,-0.62555605013,-0.62558251777,-0.62555154564,-0.62552885641,-0.62555795365,-6.23148592917,Public Goods Allocated Per Person,2031.00000000000
Total Change (Billions of 2025 Dollars),-1.58102521701,-1.64439849867,-1.64435278492,-1.64431497407,-1.64441139838,-1.64428379299,-1.64434877322,-1.64436071558,-1.64439813979,-1.64430074372,-16.38019503834,Public Goods Allocated Per Person,2032.00000000000
Total Change (Billions of 2025 Dollars),-1.81531987781,-1.88585499088,-1.88608021864,-1.88596914889,-1.88600477056,-1.88586514351,-1.88607497574,-1.88593952715,-1.88614750104,-1.88589312179,-18.78914927601,Public Goods Allocated Per Person,2033.00000000000
Total Change (Billions of 2025 Dollars),-1.21887000624,-1.26697549404,-1.26704670887,-1.26702378642,-1.26715231508,-1.26695195702,-1.26713834809,-1.26703878026,-1.26702196929,-1.26702159402,-12.62224095935,Public Goods Allocated Per Person,2034.00000000000
Percentage Share of Change in 2026 dollars,0.09645486763,0.10038871208,0.10040985415,0.10038267278,0.10039615658,0.10039325755,0.10039099641,0.10039528793,0.10039521012,0.10039298475,1.00000000000,Public Goods Allocated Per Person,2025.00000000000
Percentage Share of Change in 2026 dollars,0.09643806077,0.10039392330,0.10039930898,0.10040872611,0.10037993694,0.10039813179,0.10039515546,0.10039786420,0.10039409303,0.10039479943,1.00000000000,Public Goods Allocated Per Person,2026.00000000000
Percentage Share of Change in 2026 dollars,0.09647658398,0.10038394707,0.10038953235,0.10039199063,0.10040025373,0.10038625870,0.10040047022,0.10039057320,0.10038848153,0.10039190860,1.00000000000,Public Goods Allocated Per Person,2027.00000000000
Percentage Share of Change in 2026 dollars,0.09649646369,0.10038809262,0.10038776021,0.10038332617,0.10039171858,0.10040504123,0.10037914598,0.10039450775,0.10038559435,0.10038834942,1.00000000000,Public Goods Allocated Per Person,2028.00000000000
Percentage Share of Change in 2026 dollars,0.09652734123,0.10039239075,0.10037709032,0.10039770293,0.10037436804,0.10040529069,0.10036976992,0.10038457133,0.10038973150,0.10038174328,1.00000000000,Public Goods Allocated Per Person,2029.00000000000
Percentage Share of Change in 2026 dollars,0.09654692829,0.10038244565,0.10038210961,0.10038700849,0.10038642322,0.10038015003,0.10038304952,0.10038502061,0.10038619003,0.10038067455,1.00000000000,Public Goods Allocated Per Person,2030.00000000000
Percentage Share of Change in 2026 dollars,0.09652897243,0.10039107956,0.10037584551,0.10038590012,0.10038704837,0.10038633758,0.10039058499,0.10038561472,0.10038197366,0.10038664305,1.00000000000,Public Goods Allocated Per Person,2031.00000000000
Percentage Share of Change in 2026 dollars,0.09652053674,0.10038943339,0.10038664259,0.10038433427,0.10039022091,0.10038243068,0.10038639768,0.10038712675,0.10038941148,0.10038346551,1.00000000000,Public Goods Allocated Per Person,2032.00000000000
Percentage Share of Change in 2026 dollars,0.09661533107,0.10036936549,0.10038135261,0.10037544123,0.10037733709,0.10036990583,0.10038107357,0.10037386469,0.10038493352,0.10037139490,1.00000000000,Public Goods Allocated Per Person,2033.00000000000
Percentage Share of Change in 2026 dollars,0.09656526208,0.10037643063,0.10038207264,0.10038025660,0.10039043932,0.10037456590,0.10038933278,0.10038144449,0.10038011264,0.10038008291,1.00000000000,Public Goods Allocated Per Person,2034.00000000000
Annual Average Change (2026 dollars),89.27384125906,99.55754669081,97.79173146592,96.05565038516,97.78537801506,96.46025835322,98.37346796621,100.55681591092,101.43763073461,98.39421395408,97.49421771429,Public Goods Allocated Per Person,2025.00000000000
Annual Average Change (2026 dollars),325.15540131803,354.83010474195,353.36539889877,345.38120046801,350.06030153383,350.27987267657,358.85184002290,365.58737698031,368.50017016842,357.01349358221,352.63714733879,Public Goods Allocated Per Person,2026.00000000000
Annual Average Change (2026 dollars),339.44520426445,372.54530248245,373.13385529705,362.85540609551,370.00997493380,368.95761638160,378.53782595296,386.64654352775,389.31620022901,378.38597536605,371.62758189996,Public Goods Allocated Per Person,2027.00000000000
Annual Average Change (2026 dollars),289.31804777033,314.53929783301,311.32181602980,306.65534855537,311.64854288247,311.23350149925,319.87261359392,325.63039617381,330.42766973796,319.45813866281,313.73544091284,Public Goods Allocated Per Person,2028.00000000000
Annual Average Change (2026 dollars),218.69648726625,237.01187426469,231.80544449027,228.01896518487,232.21054358887,231.48611198650,239.60989377009,243.86419041287,245.81131079074,238.42512868611,234.50906238554,Public Goods Allocated Per Person,2029.00000000000
Annual Average Change (2026 dollars),69.68343033838,74.83195151372,73.65603572201,72.52291575987,73.39082537262,73.97169470262,75.63623087195,77.38588727733,78.23213934914,75.70744673028,74.44732522196,Public Goods Allocated Per Person,2030.00000000000
Annual Average Change (2026 dollars),-40.46968933130,-43.39967870174,-42.74115397438,-41.96636722753,-42.62679163231,-42.77772997582,-44.04742720765,-45.12303399019,-45.57399888206,-44.21129572610,-43.25688362130,Public Goods Allocated Per Person,2031.00000000000
Annual Average Change (2026 dollars),-106.05186707429,-113.21669550424,-110.64887433681,-108.94137173144,-111.20197342500,-111.08778282937,-115.66884380905,-117.41707619934,-119.01840981281,-115.21593763790,-112.74566152906,Public Goods Allocated Per Person,2032.00000000000
Annual Average Change (2026 dollars),-121.93593347551,-129.80792099725,-126.63779046624,-124.86062196244,-127.02635290464,-127.34188102307,-132.40116722015,-133.99371179315,-136.27230573999,-131.78917423265,-129.09833371837,Public Goods Allocated Per Person,2033.00000000000
Annual Average Change (2026 dollars),-82.30154178609,-87.03725161429,-85.11407954789,-83.26693947633,-84.75143769202,-85.29240195528,-88.43780589552,-89.84617267061,-91.13357441114,-88.32646676979,-86.48155536600,Public Goods Allocated Per Person,2034.00000000000
Percentage Change in 2026 Dollars of Household Income,0.00240130235,0.00165419878,0.00134550280,0.00112873865,0.00098042520,0.00084352471,0.00073454581,0.00062674122,0.00049877529,0.00019775915,0.00067040979,Public Goods Allocated Per Person,2025.00000000000
Percentage Change in 2026 Dollars of Household Income,0.00865759261,0.00590899204,0.00483280306,0.00404247106,0.00350377932,0.00303275412,0.00264603439,0.00225681383,0.00179390082,0.00071766060,0.00241674328,Public Goods Allocated Per Person,2026.00000000000
Percentage Change in 2026 Dollars of Household Income,0.00902767070,0.00615751853,0.00505172945,0.00421529860,0.00366513534,0.00317008158,0.00276709822,0.00235896482,0.00187445142,0.00075655657,0.00253273121,Public Goods Allocated Per Person,2027.00000000000
Percentage Change in 2026 Dollars of Household Income,0.00757735815,0.00514140800,0.00418643063,0.00351786996,0.00304992651,0.00263642879,0.00230528055,0.00196154443,0.00156258412,0.00063248774,0.00211210049,Public Goods Allocated Per Person,2028.00000000000
Percentage Change in 2026 Dollars of Household Income,0.00561280120,0.00379362701,0.00306920586,0.00257244224,0.00223447724,0.00193171383,0.00169263244,0.00144245749,0.00114432786,0.00046591140,0.00155191964,Public Goods Allocated Per Person,2029.00000000000
Percentage Change in 2026 Dollars of Household Income,0.00175680363,0.00118610550,0.00096062504,0.00080540705,0.00069630006,0.00060491276,0.00052686031,0.00045003605,0.00035776199,0.00014622439,0.00048555284,Public Goods Allocated Per Person,2030.00000000000
Percentage Change in 2026 Dollars of Household Income,-0.00101294796,-0.00068429543,-0.00055292787,-0.00046395238,-0.00040209938,-0.00034882116,-0.00030485612,-0.00026044018,-0.00020704134,-0.00008481204,-0.00028085304,Public Goods Allocated Per Person,2031.00000000000
Percentage Change in 2026 Dollars of Household Income,-0.00261979058,-0.00176716163,-0.00142134555,-0.00119289252,-0.00103499031,-0.00089564488,-0.00078800780,-0.00067083913,-0.00053439231,-0.00021907314,-0.00072431300,Public Goods Allocated Per Person,2032.00000000000
Percentage Change in 2026 Dollars of Household Income,-0.00297252336,-0.00198805984,-0.00159911410,-0.00134074651,-0.00116427613,-0.00100883097,-0.00088740916,-0.00075375460,-0.00060188741,-0.00024710365,-0.00081593339,Public Goods Allocated Per Person,2033.00000000000
Percentage Change in 2026 Dollars of Household Income,-0.00197133195,-0.00131482833,-0.00105881639,-0.00088344142,-0.00076579166,-0.00066553336,-0.00058456512,-0.00049772835,-0.00039665793,-0.00016320557,-0.00053844530,Public Goods Allocated Per Person,2034.00000000000
,,,,,,,,,,,,,
,,,,,,,,,,,,,
,,,,,,,,,,,,,
,,,,,,,,,,,,,
,,,,,,,,,,,,,
,,,,,,,,,,,,,
,,,,,,,,,,,,,
,,,,,,,,,,,,,
,,,,,,,,,,,,,
